n011117008,madison blue spring nr blue springs fl,qr
n011120012,pot spring,qr
n011121006,tanner spring,qr
s020302004,wacissa headspring,qr
s020301003,aucilla spring on the wacissa river,qr
s020312005,garner springs  on the wacissa river,qr
s020312004,buzzard log springs  on the wacissa river,qr
s020312003,blue springs on the wacissa river,qr
s020312006,minnow springs  on the wacissa river,qr
s020301002,cassida springs  on the wacissa river,qr
s020312002,big blue spring nr wacissa fl,qr
n021130001,hardee/ rossiter spring,qr
s020529001,walker spring,qr
s011110009,morgan spring,qr
n011235002,alapaha rise nr ft union,qr
s011219003,lime springs,qr
n011331001,holton springs near ft. union fl,qr
s011124005,ellaville springs at ellaville,qr
s011124004,suwanacoochee springs,qr
s011219004,lime run sink,qr
s011135001,anderson spring,qr
s021129004,fara springs,qr
s011417001,suwannee springs near live oak  fl,qr
s050706005,hampton spring,qr
s040724029,folson park spring in perry fl,qr
s031120004,shirley springs,qr
s050716001,waldo spring,qr
s031130005,un named spring,qr
s021505011,louise springs,qr
s060609001,big springs,qr
s021510003,blue sink near white springs,qr
s041105002,allen mill pond,qr
s041104001,charles spring near dell fl,qr
s021607004,white sulphur springs at white springs,qr
s021618003,un named spring,qr
s021607011,un named spring,qr
s041121001,lafayette blue springs,qr
s021611006,bell springs near white springs,qr
s060636001,un named spring,qr
s041127003,un named spring,qr
s041229001,luraville springs,qr
s060727001,spring warrior spring,qr
s041220001,bonnett springs,qr
s041135009,perry springs,qr
s041125001,telford spring near luraville  fl,qr
s041220005,peacock spring,qr
s041228014,running springs (east),qr
s041228002,running springs (west),qr
s070716004,jabo camp spring,qr
s041235005,convict spring near mayo fl,qr
s041234004,bath tub springs,qr
s061512003,devil's eye spring nr hildreth  fl,qr
s061607003,mission springs complex nr hildreth  fl,qr
s061513008,coffee spring nr hildreth  fl,qr
s061513001,mill pond spring nr hildreth  fl,qr
s061618006,grassy hole nr hildreth fl,qr
s090915002,bradley springs,qr
s071401009,trail spring group,qr
s061532013,betty springs,qr
s061535012,oasis springs,qr
s061536031,sunbeam springs,qr
s090923005,eva spring on the steinhatchee river,qr
s061536030,jamison springs,qr
s071426001,fletcher spring nr hatchbend  fl,qr
s071426002,turtle spring near hatchbend fl,qr
s071606004,wilson springs,qr
s081405004,pothole spring near lake city,qr
s081409002,rock bluff springs nr bell  fl,qr
s081420001,guaranto springs,qr
s051201001,royal spring near alton fl,qr
s051201006,suwannee blue spring,qr
s051307007,ravine spring (suw718971),qr
s070830002,blue creek spring nr keaton beach,qr
s051317002,owens spring,qr
s080701011,cedar island spring,qr
s051321001,mearson spring near mayo florida,qr
s051334002,troy spring near branford fla,qr
s061301006,ruth spring near branford fl,qr
s061301001,little river springs nr branford  fl,qr
s071034004,iron spring on the steinhatchee river,qr
s061420002,branford springs at branford fl,qr
s081021006,steinhatchee rise,qr
s061428010,shingle springs,qr
s061512002,ichetucknee head spring nr hildreth  fl,qr
s061607002,blue hole spring nr hildreth fl,qr
s061607017,cedar head spring nr hildreth  fl,qr
s061829003,santa fe spring,qr
s071634017,twin springs,qr
s071634011,deer springs,qr
s071634016,sawdust spring,qr
s071634006,ginnie spring nr high springs fl,qr
s071634005,july spring,qr
s071634013,dogwood springs,qr
s071634015,little devils,qr
s071634014,devil eye santa fe river,qr
s071634012,devils ear santa fe river,qr
s071714001,santa fe river rise near high springs  fl,qr
s071635003,blue spring in gilchrist county,qr
s071635009,un named spring,qr
s071635004,rum island spring,qr
s061932013,worthington springs at worthington springs,qr
s071636002,lilly springs,qr
s071636005,pickard springs,qr
s071731004,un named spring,qr
s071727014,darby springs,qr
s071727012,treehouse spring,qr
s081706005,poe springs near high springs  fl,qr
s071727010,hornsby springs near high springs fl,qr
s091408006,lumber camp spring nr wannee,qr
s091417003,sun springs near wannee  fl,qr
s091324024,mccrabb springs,qr
s091325024,iron springs,qr
s091430001,hart spring nr wilcox fla,qr
s101312010,little copper spring,qr
s101406010,un named spring,qr
s101406002,otter springs near wilcox  fl,qr
s101313001,copper springs,qr
s101419006,bell spring near oldtown fl,qr
s101429027,little fanning springs nr fanning springs  fl,qr
s101429001,fanning springs nr wilcox fl,qr
s111326002,manatee spring nr chiefland fl,qr
s121610002,blue spring near bronson,qr
s141707001,wekiva springs near gulf hammock,qr
rocksink_spr,rock sink spring,qr
iche_springs,ichetucknee springs group,qr
wacissa_springs,wacissa springs group,qr
lsf_springs,santa fe river springs group (ds from new river),qr
