<?xml version="1.0" encoding="UTF-8"?>
<metadata xml:lang="en"><Esri><CreaDate>20180727</CreaDate><CreaTime>13414800</CreaTime><ArcGISFormat>1.0</ArcGISFormat><ArcGISstyle>XTools Pro Metadata</ArcGISstyle><SyncOnce>TRUE</SyncOnce><DataProperties><lineage><Process ToolSource="c:\arcgis_desktop\desktop10.1\ArcToolbox\Toolboxes\Data Management Tools.tbx\CalculateField" Date="20141021" Time="172936">CalculateField Springs_NFSEG_080714_albers_ModelHeads DeltH "[head] - [PoolElev01]" VB #</Process><Process ToolSource="c:\arcgis_desktop\desktop10.1\ArcToolbox\Toolboxes\Data Management Tools.tbx\CalculateField" Date="20141021" Time="173033">CalculateField Springs_NFSEG_080714_albers_ModelHeads DeltH "[L2Head] - [PoolElev01]" VB #</Process><Process ToolSource="c:\arcgis_desktop\desktop10.1\ArcToolbox\Toolboxes\Data Management Tools.tbx\CalculateField" Date="20141021" Time="175427">CalculateField Springs_NFSEG_080714_albers_ModelHeads Sprg_Wl_01 [Dem_10m] VB #</Process><Process ToolSource="c:\arcgis_desktop\desktop10.1\ArcToolbox\Toolboxes\Data Management Tools.tbx\CalculateField" Date="20141021" Time="175434">CalculateField Springs_NFSEG_080714_albers_ModelHeads Sprg_WL_09 [Dem_10m] VB #</Process><Process ToolSource="c:\arcgis_desktop\desktop10.1\ArcToolbox\Toolboxes\Data Management Tools.tbx\CalculateField" Date="20141021" Time="175444">CalculateField Springs_NFSEG_080714_albers_ModelHeads Sprg_WL_10 [Dem_10m] VB #</Process><Process ToolSource="c:\arcgis_desktop\desktop10.1\ArcToolbox\Toolboxes\Data Management Tools.tbx\CalculateField" Date="20141021" Time="175537">CalculateField Springs_NFSEG_080714_albers_ModelHeads DeltH "[head] - [Sprg_Wl_01]" VB #</Process><Process ToolSource="c:\arcgis_desktop\desktop10.1\ArcToolbox\Toolboxes\Data Management Tools.tbx\CalculateField" Date="20141021" Time="175612">CalculateField Springs_NFSEG_080714_albers_ModelHeads PoolElev01 [Dem_10m] VB #</Process><Process ToolSource="c:\arcgis_desktop\desktop10.1\ArcToolbox\Toolboxes\Data Management Tools.tbx\CalculateField" Date="20141021" Time="175620">CalculateField Springs_NFSEG_080714_albers_ModelHeads PoolElev09 [Dem_10m] VB #</Process><Process ToolSource="c:\arcgis_desktop\desktop10.1\ArcToolbox\Toolboxes\Data Management Tools.tbx\CalculateField" Date="20141021" Time="175629">CalculateField Springs_NFSEG_080714_albers_ModelHeads PoolElev10 [Dem_10m] VB #</Process><Process ToolSource="c:\arcgis_desktop\desktop10.1\ArcToolbox\Toolboxes\Data Management Tools.tbx\CalculateField" Date="20141022" Time="091523">CalculateField Springs_NFSEG_080714_albers_ModelHeads SpgQ_01 1860132.092 VB #</Process><Process ToolSource="c:\arcgis_desktop\desktop10.1\ArcToolbox\Toolboxes\Data Management Tools.tbx\CalculateField" Date="20141022" Time="091537">CalculateField Springs_NFSEG_080714_albers_ModelHeads SpgQ_09 2123621.053
 VB #</Process><Process ToolSource="c:\arcgis_desktop\desktop10.1\ArcToolbox\Toolboxes\Data Management Tools.tbx\CalculateField" Date="20141022" Time="091550">CalculateField Springs_NFSEG_080714_albers_ModelHeads SpgQ_10 2150398.386
 VB #</Process><Process ToolSource="c:\arcgis_desktop\desktop10.1\ArcToolbox\Toolboxes\Data Management Tools.tbx\CalculateField" Date="20141022" Time="105709">CalculateField Springs_NFSEG_080714_albers_ModelHeads Sprg_Wl_01 25.519417
 VB #</Process><Process ToolSource="c:\arcgis_desktop\desktop10.1\ArcToolbox\Toolboxes\Data Management Tools.tbx\CalculateField" Date="20141022" Time="105748">CalculateField Springs_NFSEG_080714_albers_ModelHeads Sprg_WL_09 25.971029
 VB #</Process><Process ToolSource="c:\arcgis_desktop\desktop10.1\ArcToolbox\Toolboxes\Data Management Tools.tbx\CalculateField" Date="20141022" Time="105802">CalculateField Springs_NFSEG_080714_albers_ModelHeads Sprg_WL_10 25.883074
 VB #</Process><Process ToolSource="c:\arcgis_desktop\desktop10.1\ArcToolbox\Toolboxes\Data Management Tools.tbx\CalculateField" Date="20141022" Time="105825">CalculateField Springs_NFSEG_080714_albers_ModelHeads DeltH "[head] - [Sprg_Wl_01]" VB #</Process><Process ToolSource="c:\arcgis_desktop\desktop10.1\ArcToolbox\Toolboxes\Data Management Tools.tbx\CalculateField" Date="20141022" Time="105909">CalculateField Springs_NFSEG_080714_albers_ModelHeads PoolElev09 [Sprg_WL_09] VB #</Process><Process ToolSource="c:\arcgis_desktop\desktop10.1\ArcToolbox\Toolboxes\Data Management Tools.tbx\CalculateField" Date="20141022" Time="105919">CalculateField Springs_NFSEG_080714_albers_ModelHeads PoolElev10 [Sprg_WL_10] VB #</Process><Process ToolSource="c:\arcgis_desktop\desktop10.1\ArcToolbox\Toolboxes\Data Management Tools.tbx\CalculateField" Date="20141022" Time="105929">CalculateField Springs_NFSEG_080714_albers_ModelHeads PoolElev01 [Sprg_Wl_01] VB #</Process><Process ToolSource="c:\arcgis_desktop\desktop10.1\ArcToolbox\Toolboxes\Data Management Tools.tbx\CalculateField" Date="20141022" Time="114512">CalculateField Springs_NFSEG_080714_albers_ModelHeads Sprg_Wl_01 37.48 VB #</Process><Process ToolSource="c:\arcgis_desktop\desktop10.1\ArcToolbox\Toolboxes\Data Management Tools.tbx\CalculateField" Date="20141022" Time="114523">CalculateField Springs_NFSEG_080714_albers_ModelHeads Sprg_WL_09 37.924249 VB #</Process><Process ToolSource="c:\arcgis_desktop\desktop10.1\ArcToolbox\Toolboxes\Data Management Tools.tbx\CalculateField" Date="20141022" Time="114531">CalculateField Springs_NFSEG_080714_albers_ModelHeads Sprg_WL_10 37.924249 VB #</Process><Process ToolSource="c:\arcgis_desktop\desktop10.1\ArcToolbox\Toolboxes\Data Management Tools.tbx\CalculateField" Date="20141022" Time="114618">CalculateField Springs_NFSEG_080714_albers_ModelHeads Sprg_WL_10 39.96 VB #</Process><Process ToolSource="c:\arcgis_desktop\desktop10.1\ArcToolbox\Toolboxes\Data Management Tools.tbx\CalculateField" Date="20141022" Time="114729">CalculateField Springs_NFSEG_080714_albers_ModelHeads PoolElev01 37.48 VB #</Process><Process ToolSource="c:\arcgis_desktop\desktop10.1\ArcToolbox\Toolboxes\Data Management Tools.tbx\CalculateField" Date="20141022" Time="114738">CalculateField Springs_NFSEG_080714_albers_ModelHeads PoolElev09 37.92 VB #</Process><Process ToolSource="c:\arcgis_desktop\desktop10.1\ArcToolbox\Toolboxes\Data Management Tools.tbx\CalculateField" Date="20141022" Time="114748">CalculateField Springs_NFSEG_080714_albers_ModelHeads PoolElev10 39.96 VB #</Process><Process ToolSource="c:\arcgis_desktop\desktop10.1\ArcToolbox\Toolboxes\Data Management Tools.tbx\CalculateField" Date="20141022" Time="114804">CalculateField Springs_NFSEG_080714_albers_ModelHeads DeltH "[head] - [PoolElev01]" VB #</Process><Process ToolSource="c:\arcgis_desktop\desktop10.1\ArcToolbox\Toolboxes\Data Management Tools.tbx\CalculateField" Date="20141022" Time="115014">CalculateField Springs_NFSEG_080714_albers_ModelHeads MajorSpring "Silver Springs" VB #</Process><Process ToolSource="c:\arcgis_desktop\desktop10.1\ArcToolbox\Toolboxes\Data Management Tools.tbx\CalculateField" Date="20141022" Time="115134">CalculateField Springs_NFSEG_080714_albers_ModelHeads MajorSpring "Rainbow Springs" VB #</Process><Process ToolSource="c:\arcgis_desktop\desktop10.1\ArcToolbox\Toolboxes\Data Management Tools.tbx\CalculateField" Date="20141022" Time="115209">CalculateField Springs_NFSEG_080714_albers_ModelHeads MajorSpring "Crystal River/King Bay Springs" VB #</Process><Process ToolSource="c:\arcgis_desktop\desktop10.1\ArcToolbox\Toolboxes\Data Management Tools.tbx\CalculateField" Date="20141022" Time="115250">CalculateField Springs_NFSEG_080714_albers_ModelHeads MajorSpring "Homosassa Springs" VB #</Process><Process ToolSource="c:\arcgis_desktop\desktop10.1\ArcToolbox\Toolboxes\Data Management Tools.tbx\CalculateField" Date="20141022" Time="115404">CalculateField Springs_NFSEG_080714_albers_ModelHeads MajorSpring "ICHETUCKNEE Springs" VB #</Process><Process ToolSource="c:\arcgis_desktop\desktop10.1\ArcToolbox\Toolboxes\Data Management Tools.tbx\CalculateField" Date="20141022" Time="115702">CalculateField Springs_NFSEG_080714_albers_ModelHeads MajorSpring "Lower Santa Fe River Springs" VB #</Process><Process ToolSource="c:\arcgis_desktop\desktop10.1\ArcToolbox\Toolboxes\Data Management Tools.tbx\CalculateField" Date="20141022" Time="140922">CalculateField Springs_NFSEG_080714_albers_ModelHeads MajorSpring "HALLS RIVER Springs" VB #</Process><Process ToolSource="c:\arcgis_desktop\desktop10.1\ArcToolbox\Toolboxes\Data Management Tools.tbx\CalculateField" Date="20141022" Time="141039">CalculateField Springs_NFSEG_080714_albers_ModelHeads SpgQ_01 7689600
 VB #</Process><Process ToolSource="c:\arcgis_desktop\desktop10.1\ArcToolbox\Toolboxes\Data Management Tools.tbx\CalculateField" Date="20141022" Time="141045">CalculateField Springs_NFSEG_080714_albers_ModelHeads SpgQ_09 7689600
 VB #</Process><Process ToolSource="c:\arcgis_desktop\desktop10.1\ArcToolbox\Toolboxes\Data Management Tools.tbx\CalculateField" Date="20141022" Time="141054">CalculateField Springs_NFSEG_080714_albers_ModelHeads SpgQ_10 7689600
 VB #</Process><Process ToolSource="c:\arcgis_desktop\desktop10.1\ArcToolbox\Toolboxes\Data Management Tools.tbx\CalculateField" Date="20141022" Time="141117">CalculateField Springs_NFSEG_080714_albers_ModelHeads SpgQ_01 432000

 VB #</Process><Process ToolSource="c:\arcgis_desktop\desktop10.1\ArcToolbox\Toolboxes\Data Management Tools.tbx\CalculateField" Date="20141022" Time="141125">CalculateField Springs_NFSEG_080714_albers_ModelHeads SpgQ_09 432000


 VB #</Process><Process ToolSource="c:\arcgis_desktop\desktop10.1\ArcToolbox\Toolboxes\Data Management Tools.tbx\CalculateField" Date="20141022" Time="141133">CalculateField Springs_NFSEG_080714_albers_ModelHeads SpgQ_10 432000



 VB #</Process><Process ToolSource="c:\arcgis_desktop\desktop10.1\ArcToolbox\Toolboxes\Data Management Tools.tbx\CalculateField" Date="20141022" Time="175854">CalculateField Springs_NFSEG_080714_albers_ModelHeads SpgQ_01 7464640.657




 VB #</Process><Process ToolSource="c:\arcgis_desktop\desktop10.1\ArcToolbox\Toolboxes\Data Management Tools.tbx\CalculateField" Date="20141022" Time="175907">CalculateField Springs_NFSEG_080714_albers_ModelHeads SpgQ_09 6786036.961





 VB #</Process><Process ToolSource="c:\arcgis_desktop\desktop10.1\ArcToolbox\Toolboxes\Data Management Tools.tbx\CalculateField" Date="20141022" Time="175919">CalculateField Springs_NFSEG_080714_albers_ModelHeads SpgQ_10 6722700.616






 VB #</Process><Process ToolSource="c:\arcgis_desktop\desktop10.1\ArcToolbox\Toolboxes\Data Management Tools.tbx\CalculateField" Date="20141022" Time="175947">CalculateField Springs_NFSEG_080714_albers_ModelHeads SpgQ_01 11833650.92






 VB #</Process><Process ToolSource="c:\arcgis_desktop\desktop10.1\ArcToolbox\Toolboxes\Data Management Tools.tbx\CalculateField" Date="20141022" Time="175956">CalculateField Springs_NFSEG_080714_albers_ModelHeads SpgQ_09 10757864.48







 VB #</Process><Process ToolSource="c:\arcgis_desktop\desktop10.1\ArcToolbox\Toolboxes\Data Management Tools.tbx\CalculateField" Date="20141022" Time="180008">CalculateField Springs_NFSEG_080714_albers_ModelHeads SpgQ_10 10657457.74








 VB #</Process><Process ToolSource="c:\arcgis_desktop\desktop10.1\ArcToolbox\Toolboxes\Data Management Tools.tbx\CalculateField" Date="20141022" Time="180032">CalculateField Springs_NFSEG_080714_albers_ModelHeads PoolElev01 0.3








 VB #</Process><Process ToolSource="c:\arcgis_desktop\desktop10.1\ArcToolbox\Toolboxes\Data Management Tools.tbx\CalculateField" Date="20141022" Time="180040">CalculateField Springs_NFSEG_080714_albers_ModelHeads PoolElev09 0.3








 VB #</Process><Process ToolSource="c:\arcgis_desktop\desktop10.1\ArcToolbox\Toolboxes\Data Management Tools.tbx\CalculateField" Date="20141022" Time="180045">CalculateField Springs_NFSEG_080714_albers_ModelHeads PoolElev10 0.3








 VB #</Process><Process ToolSource="c:\arcgis_desktop\desktop10.1\ArcToolbox\Toolboxes\Data Management Tools.tbx\CalculateField" Date="20141023" Time="094639">CalculateField Springs_NFSEG_080714_albers_ModelHeads DeltH "[head] - [PoolElev01]" VB #</Process><Process ToolSource="c:\arcgis_desktop\desktop10.1\ArcToolbox\Toolboxes\Data Management Tools.tbx\CalculateField" Date="20141023" Time="100230">CalculateField Springs_NFSEG_080714_albers_ModelHeads Sprg_Wl_01 25.98 VB #</Process><Process ToolSource="c:\arcgis_desktop\desktop10.1\ArcToolbox\Toolboxes\Data Management Tools.tbx\CalculateField" Date="20141023" Time="123845">CalculateField Springs_NFSEG_080714_albers_ModelHeads MajorSpring "Wacissa Springs" VB #</Process><Process ToolSource="c:\arcgis_desktop\desktop10.1\ArcToolbox\Toolboxes\Data Management Tools.tbx\CalculateField" Date="20141023" Time="125555">CalculateField Springs_NFSEG_080714_albers_ModelHeads Reach 80 VB #</Process><Process ToolSource="c:\arcgis_desktop\desktop10.1\ArcToolbox\Toolboxes\Data Management Tools.tbx\CalculateField" Date="20141023" Time="135738">CalculateField Springs_NFSEG_080714_albers_ModelHeads Reach 70 VB #</Process><Process ToolSource="c:\arcgis_desktop\desktop10.1\ArcToolbox\Toolboxes\Data Management Tools.tbx\CalculateField" Date="20141023" Time="141351">CalculateField Springs_NFSEG_080714_albers_ModelHeads Cond01upd "[SpgQ_01] / [DeltH]" VB #</Process><Process ToolSource="c:\arcgis_desktop\desktop10.1\ArcToolbox\Toolboxes\Data Management Tools.tbx\CalculateField" Date="20141023" Time="141455">CalculateField Springs_NFSEG_080714_albers_ModelHeads Cond01upd [SpgCond_01] VB #</Process><Process ToolSource="c:\arcgis_desktop\desktop10.1\ArcToolbox\Toolboxes\Data Management Tools.tbx\CalculateField" Date="20141023" Time="143035">CalculateField Springs_NFSEG_080714_albers_ModelHeads102314 Cond01upd [AveSprCond] VB #</Process><Process ToolSource="c:\arcgis_desktop\desktop10.1\ArcToolbox\Toolboxes\Data Management Tools.tbx\CalculateField" Date="20141023" Time="150920">CalculateField Springs_NFSEG_080714_albers_ModelHeads102314 DeltCond "[AveSprCond]- [Cond01upd]" VB #</Process><Process ToolSource="c:\arcgis_desktop\desktop10.1\ArcToolbox\Toolboxes\Data Management Tools.tbx\CalculateField" Date="20141023" Time="150931">CalculateField Springs_NFSEG_080714_albers_ModelHeads102314 DeltCond "[AveSprCond]- [Cond01upd]" VB #</Process><Process ToolSource="c:\arcgis_desktop\desktop10.1\ArcToolbox\Toolboxes\Data Management Tools.tbx\CalculateField" Date="20141023" Time="151109">CalculateField Springs_NFSEG_080714_albers_ModelHeads102314 Cond01upd [AveSprCond] VB #</Process><Process ToolSource="c:\arcgis_desktop\desktop10.1\ArcToolbox\Toolboxes\Data Management Tools.tbx\CalculateField" Date="20150130" Time="074440">CalculateField Springs_NFSEG_010715_albers Notes "Lake with a big sinkhole (not a spring)" VB #</Process><Process ToolSource="c:\arcgis_desktop\desktop10.1\ArcToolbox\Toolboxes\Data Management Tools.tbx\CalculateField" Date="20150130" Time="080922">CalculateField Springs_NFSEG_010715_albers Notes "2001 Pool elevation may not be correct" VB #</Process><Process ToolSource="c:\arcgis_desktop\desktop10.1\ArcToolbox\Toolboxes\Data Management Tools.tbx\CalculateField" Date="20150130" Time="121311">CalculateField Springs_NFSEG_010715_albers Notes "Sink, not a spring" VB #</Process><Process ToolSource="c:\arcgis_desktop\desktop10.1\ArcToolbox\Toolboxes\Data Management Tools.tbx\CalculateField" Date="20150130" Time="121336">CalculateField Springs_NFSEG_010715_albers Action "Removed" VB #</Process><Process ToolSource="c:\arcgis_desktop\desktop10.1\ArcToolbox\Toolboxes\Data Management Tools.tbx\CalculateField" Date="20150130" Time="121554">CalculateField Springs_NFSEG_010715_albers Action "Removed" VB #</Process><Process ToolSource="c:\arcgis_desktop\desktop10.1\ArcToolbox\Toolboxes\Data Management Tools.tbx\CalculateField" Date="20150130" Time="121639">CalculateField Springs_NFSEG_010715_albers Notes "Flowing into a nearby sink (FGS Bulletin 31)" VB #</Process><Process ToolSource="c:\arcgis_desktop\desktop10.1\ArcToolbox\Toolboxes\Data Management Tools.tbx\CalculateField" Date="20150130" Time="122425">CalculateField Springs_NFSEG_010715_albers Notes "2001 Pool elevation may not be correct" VB #</Process><Process ToolSource="c:\arcgis_desktop\desktop10.1\ArcToolbox\Toolboxes\Data Management Tools.tbx\CalculateField" Date="20150130" Time="122657">CalculateField Springs_NFSEG_010715_albers Notes "2001 Pool elevation may not be correct" VB #</Process><Process ToolSource="c:\arcgis_desktop\desktop10.1\ArcToolbox\Toolboxes\Data Management Tools.tbx\CalculateField" Date="20150202" Time="093754">CalculateField Springs_NFSEG_010715_albers PoolElev01 11.13 VB #</Process><Process ToolSource="c:\arcgis_desktop\desktop10.1\ArcToolbox\Toolboxes\Data Management Tools.tbx\CalculateField" Date="20150202" Time="093928">CalculateField Springs_NFSEG_010715_albers Notes "Disappears into a siphon (FGSBulletin66)" VB #</Process><Process ToolSource="c:\arcgis_desktop\desktop10.1\ArcToolbox\Toolboxes\Data Management Tools.tbx\CalculateField" Date="20150202" Time="093942">CalculateField Springs_NFSEG_010715_albers Action "Removed" VB #</Process><Process ToolSource="c:\arcgis_desktop\desktop10.1\ArcToolbox\Toolboxes\Data Management Tools.tbx\CalculateField" Date="20150202" Time="095229">CalculateField Springs_NFSEG_010715_albers Notes "Spring Discharge may not be correct" VB #</Process><Process ToolSource="c:\arcgis_desktop\desktop10.1\ArcToolbox\Toolboxes\Data Management Tools.tbx\CalculateField" Date="20150202" Time="095250">CalculateField Springs_NFSEG_010715_albers Notes "Spring Discharge may not be correct (FGSBulletin66)" VB #</Process><Process ToolSource="c:\arcgis_desktop\desktop10.1\ArcToolbox\Toolboxes\Data Management Tools.tbx\CalculateField" Date="20150202" Time="095306">CalculateField Springs_NFSEG_010715_albers Notes "Spring Q may not be correct (FGSBulletin66)" VB #</Process><Process ToolSource="c:\arcgis_desktop\desktop10.1\ArcToolbox\Toolboxes\Data Management Tools.tbx\CalculateField" Date="20150202" Time="113315">CalculateField Springs_NFSEG_010715_albers Notes "Pool WL may not be correct (See SilverGlenSpring)" VB #</Process><Process ToolSource="c:\arcgis_desktop\desktop10.1\ArcToolbox\Toolboxes\Data Management Tools.tbx\CalculateField" Date="20150202" Time="115317">CalculateField Springs_NFSEG_010715_albers Notes "Spring Q may be too high for 2001 (FGSBulletin66)" VB #</Process><Process ToolSource="c:\arcgis_desktop\desktop10.1\ArcToolbox\Toolboxes\Data Management Tools.tbx\CalculateField" Date="20150202" Time="145456">CalculateField Springs_NFSEG_010715_albers PoolElev01 [FtNAVD2001] VB #</Process><Process ToolSource="c:\arcgis_desktop\desktop10.1\ArcToolbox\Toolboxes\Data Management Tools.tbx\CalculateField" Date="20150202" Time="145507">CalculateField Springs_NFSEG_010715_albers PoolElev09 [FtNAVD2009] VB #</Process><Process ToolSource="c:\arcgis_desktop\desktop10.1\ArcToolbox\Toolboxes\Data Management Tools.tbx\CalculateField" Date="20150202" Time="145519">CalculateField Springs_NFSEG_010715_albers PoolElev10 [PoolElev10] VB #</Process><Process ToolSource="c:\arcgis_desktop\desktop10.1\ArcToolbox\Toolboxes\Data Management Tools.tbx\CalculateField" Date="20150202" Time="145534">CalculateField Springs_NFSEG_010715_albers PoolElev10 [FtNAVD2010] VB #</Process><Process ToolSource="c:\arcgis_desktop\desktop10.1\ArcToolbox\Toolboxes\Data Management Tools.tbx\CalculateField" Date="20150202" Time="145818">CalculateField Springs_NFSEG_010715_albers Notes "Not a spring" VB #</Process><Process ToolSource="c:\arcgis_desktop\desktop10.1\ArcToolbox\Toolboxes\Data Management Tools.tbx\CalculateField" Date="20150202" Time="145832">CalculateField Springs_NFSEG_010715_albers Action "Removed" VB #</Process><Process ToolSource="c:\arcgis_desktop\desktop10.1\ArcToolbox\Toolboxes\Data Management Tools.tbx\CalculateField" Date="20150202" Time="155956">CalculateField Springs_NFSEG_010715_albers Notes "flowing into a siphon(FGSBulletin66)_alsodiscussedwTGrubbs" VB #</Process><Process ToolSource="c:\arcgis_desktop\desktop10.1\ArcToolbox\Toolboxes\Data Management Tools.tbx\CalculateField" Date="20150202" Time="160027">CalculateField Springs_NFSEG_010715_albers Notes "flowing into a siphon(FGSBulletin66&amp;TGrubbs)" VB #</Process><Process ToolSource="c:\arcgis_desktop\desktop10.1\ArcToolbox\Toolboxes\Data Management Tools.tbx\CalculateField" Date="20150202" Time="160043">CalculateField Springs_NFSEG_010715_albers Action "Removed" VB #</Process><Process ToolSource="c:\arcgis_desktop\desktop10.1\ArcToolbox\Toolboxes\Data Management Tools.tbx\CalculateField" Date="20150202" Time="161916">CalculateField Springs_NFSEG_010715_albers PoolElev01 [FtNAVD2001] VB #</Process><Process ToolSource="c:\arcgis_desktop\desktop10.1\ArcToolbox\Toolboxes\Data Management Tools.tbx\CalculateField" Date="20150202" Time="161930">CalculateField Springs_NFSEG_010715_albers PoolElev09 [FtNAVD2009] VB #</Process><Process ToolSource="c:\arcgis_desktop\desktop10.1\ArcToolbox\Toolboxes\Data Management Tools.tbx\CalculateField" Date="20150202" Time="161939">CalculateField Springs_NFSEG_010715_albers PoolElev10 [FtNAVD2010] VB #</Process><Process ToolSource="c:\arcgis_desktop\desktop10.1\ArcToolbox\Toolboxes\Data Management Tools.tbx\CalculateField" Date="20150202" Time="162757">CalculateField Springs_NFSEG_010715_albers PoolElev01 [FtNAVD2001] VB #</Process><Process ToolSource="c:\arcgis_desktop\desktop10.1\ArcToolbox\Toolboxes\Data Management Tools.tbx\CalculateField" Date="20150202" Time="162807">CalculateField Springs_NFSEG_010715_albers PoolElev09 [FtNAVD2009] VB #</Process><Process ToolSource="c:\arcgis_desktop\desktop10.1\ArcToolbox\Toolboxes\Data Management Tools.tbx\CalculateField" Date="20150202" Time="162817">CalculateField Springs_NFSEG_010715_albers PoolElev10 [FtNAVD2010] VB #</Process><Process ToolSource="c:\arcgis_desktop\desktop10.1\ArcToolbox\Toolboxes\Data Management Tools.tbx\CalculateField" Date="20150202" Time="164418">CalculateField Springs_NFSEG_010715_albers Notes "Q might be lower in 2001 (FGSBulletin66)" VB #</Process><Process ToolSource="c:\arcgis_desktop\desktop10.1\ArcToolbox\Toolboxes\Data Management Tools.tbx\CalculateField" Date="20150202" Time="164612">CalculateField Springs_NFSEG_010715_albers PoolElev01 [FtNAVD2001] VB #</Process><Process ToolSource="c:\arcgis_desktop\desktop10.1\ArcToolbox\Toolboxes\Data Management Tools.tbx\CalculateField" Date="20150202" Time="164623">CalculateField Springs_NFSEG_010715_albers PoolElev09 [FtNAVD2009] VB #</Process><Process ToolSource="c:\arcgis_desktop\desktop10.1\ArcToolbox\Toolboxes\Data Management Tools.tbx\CalculateField" Date="20150202" Time="164635">CalculateField Springs_NFSEG_010715_albers PoolElev10 [FtNAVD2010] VB #</Process><Process ToolSource="c:\arcgis_desktop\desktop10.1\ArcToolbox\Toolboxes\Data Management Tools.tbx\CalculateField" Date="20150202" Time="165053">CalculateField Springs_NFSEG_010715_albers Notes "Flows into nearby sinkhole (FGSBullt66)" VB #</Process><Process ToolSource="c:\arcgis_desktop\desktop10.1\ArcToolbox\Toolboxes\Data Management Tools.tbx\CalculateField" Date="20150202" Time="165106">CalculateField Springs_NFSEG_010715_albers Action "Removed" VB #</Process><Process ToolSource="c:\arcgis_desktop\desktop10.1\ArcToolbox\Toolboxes\Data Management Tools.tbx\CalculateField" Date="20150202" Time="165550">CalculateField Springs_NFSEG_010715_albers Notes "Q might be much lower and reverse flow (FGSBullt31)" VB #</Process><Process ToolSource="c:\arcgis_desktop\desktop10.1\ArcToolbox\Toolboxes\Data Management Tools.tbx\CalculateField" Date="20150202" Time="165608">CalculateField Springs_NFSEG_010715_albers Notes "Q might be much lower and reverse flow (FGSBlt31)" VB #</Process><Process ToolSource="c:\arcgis_desktop\desktop10.1\ArcToolbox\Toolboxes\Data Management Tools.tbx\CalculateField" Date="20150203" Time="073528">CalculateField Springs_NFSEG_010715_albers Notes "River rise; should be used with river pack" VB #</Process><Process ToolSource="c:\arcgis_desktop\desktop10.1\ArcToolbox\Toolboxes\Data Management Tools.tbx\CalculateField" Date="20150203" Time="073542">CalculateField Springs_NFSEG_010715_albers Action "Removed" VB #</Process><Process ToolSource="c:\arcgis_desktop\desktop10.1\ArcToolbox\Toolboxes\Data Management Tools.tbx\CalculateField" Date="20150203" Time="073940">CalculateField Springs_NFSEG_010715_albers Notes "Q might be lower (FGSBullt66)" VB #</Process><Process ToolSource="c:\arcgis_desktop\desktop10.1\ArcToolbox\Toolboxes\Data Management Tools.tbx\CalculateField" Date="20150203" Time="074004">CalculateField Springs_NFSEG_010715_albers Notes "Q might be lower for 2001 (FGSBullt66)" VB #</Process><Process ToolSource="c:\arcgis_desktop\desktop10.1\ArcToolbox\Toolboxes\Data Management Tools.tbx\CalculateField" Date="20150203" Time="074639">CalculateField Springs_NFSEG_010715_albers PoolElev01 [FtNAVD2001] VB #</Process><Process ToolSource="c:\arcgis_desktop\desktop10.1\ArcToolbox\Toolboxes\Data Management Tools.tbx\CalculateField" Date="20150203" Time="074650">CalculateField Springs_NFSEG_010715_albers PoolElev09 [FtNAVD2009] VB #</Process><Process ToolSource="c:\arcgis_desktop\desktop10.1\ArcToolbox\Toolboxes\Data Management Tools.tbx\CalculateField" Date="20150203" Time="074703">CalculateField Springs_NFSEG_010715_albers PoolElev10 "[FtNAVD2010] " VB #</Process><Process ToolSource="c:\arcgis_desktop\desktop10.1\ArcToolbox\Toolboxes\Data Management Tools.tbx\CalculateField" Date="20150203" Time="074922">CalculateField Springs_NFSEG_010715_albers Notes ""flows into a siphon (FGSBlt66)" " VB #</Process><Process ToolSource="c:\arcgis_desktop\desktop10.1\ArcToolbox\Toolboxes\Data Management Tools.tbx\CalculateField" Date="20150203" Time="074934">CalculateField Springs_NFSEG_010715_albers Action ""Removed" " VB #</Process><Process ToolSource="c:\arcgis_desktop\desktop10.1\ArcToolbox\Toolboxes\Data Management Tools.tbx\CalculateField" Date="20150203" Time="075458">CalculateField Springs_NFSEG_010715_albers Notes "Q2001 should be close to zero (FGSBlt66)" VB #</Process><Process ToolSource="c:\arcgis_desktop\desktop10.1\ArcToolbox\Toolboxes\Data Management Tools.tbx\CalculateField" Date="20150203" Time="075510">CalculateField Springs_NFSEG_010715_albers Action "" VB #</Process><Process ToolSource="c:\arcgis_desktop\desktop10.1\ArcToolbox\Toolboxes\Data Management Tools.tbx\CalculateField" Date="20150203" Time="075823">CalculateField Springs_NFSEG_010715_albers Notes ""Q2001 could be lower (FGSBlt66)" " VB #</Process><Process ToolSource="c:\arcgis_desktop\desktop10.1\ArcToolbox\Toolboxes\Data Management Tools.tbx\CalculateField" Date="20150204" Time="150555">CalculateField Springs_NFSEG_010715_albers Action "Removed" VB #</Process><Process ToolSource="c:\arcgis_desktop\desktop10.1\ArcToolbox\Toolboxes\Data Management Tools.tbx\CalculateField" Date="20150205" Time="103641">CalculateField Springs_NFSEG_010715_albers Notes "Not a spring" VB #</Process><Process ToolSource="c:\arcgis_desktop\desktop10.1\ArcToolbox\Toolboxes\Data Management Tools.tbx\CalculateField" Date="20150205" Time="103706">CalculateField Springs_NFSEG_010715_albers Action "Removed" VB #</Process><Process ToolSource="c:\arcgis_desktop\desktop10.1\ArcToolbox\Toolboxes\Data Management Tools.tbx\CalculateField" Date="20150205" Time="104004">CalculateField Springs_NFSEG_010715_albers Notes "Not a spring" VB #</Process><Process ToolSource="c:\arcgis_desktop\desktop10.1\ArcToolbox\Toolboxes\Data Management Tools.tbx\CalculateField" Date="20150205" Time="104458">CalculateField Springs_NFSEG_010715_albers Notes "Not a spring" VB #</Process><Process ToolSource="c:\arcgis_desktop\desktop10.1\ArcToolbox\Toolboxes\Data Management Tools.tbx\CalculateField" Date="20150205" Time="104524">CalculateField Springs_NFSEG_010715_albers Action "Removed" VB #</Process><Process ToolSource="c:\arcgis_desktop\desktop10.1\ArcToolbox\Toolboxes\Data Management Tools.tbx\CalculateField" Date="20150205" Time="104956">CalculateField Springs_NFSEG_010715_albers Action "Removed" VB #</Process><Process ToolSource="c:\arcgis_desktop\desktop10.1\ArcToolbox\Toolboxes\Data Management Tools.tbx\CalculateField" Date="20150205" Time="105025">CalculateField Springs_NFSEG_010715_albers Notes "River Rise" VB #</Process><Process ToolSource="c:\arcgis_desktop\desktop10.1\ArcToolbox\Toolboxes\Data Management Tools.tbx\CalculateField" Date="20150205" Time="105117">CalculateField Springs_NFSEG_010715_albers Notes "Most likely River Rise" VB #</Process><Process ToolSource="c:\arcgis_desktop\desktop10.1\ArcToolbox\Toolboxes\Data Management Tools.tbx\CalculateField" Date="20150205" Time="105342">CalculateField Springs_NFSEG_010715_albers Notes "River Rise" VB #</Process><Process ToolSource="c:\arcgis_desktop\desktop10.1\ArcToolbox\Toolboxes\Data Management Tools.tbx\CalculateField" Date="20150205" Time="105406">CalculateField Springs_NFSEG_010715_albers Action "Removed" VB #</Process><Process ToolSource="c:\arcgis_desktop\desktop10.1\ArcToolbox\Toolboxes\Data Management Tools.tbx\CalculateField" Date="20150205" Time="105843">CalculateField Springs_NFSEG_010715_albers Action "Removed" VB #</Process><Process ToolSource="c:\arcgis_desktop\desktop10.1\ArcToolbox\Toolboxes\Data Management Tools.tbx\CalculateField" Date="20150205" Time="105917">CalculateField Springs_NFSEG_010715_albers Notes "River Rise (FGSBlt66)" VB #</Process><Process ToolSource="c:\arcgis_desktop\desktop10.1\ArcToolbox\Toolboxes\Data Management Tools.tbx\CalculateField" Date="20150205" Time="110041">CalculateField Springs_NFSEG_010715_albers Notes "River Rise (FGSBlt66)" VB #</Process><Process ToolSource="c:\arcgis_desktop\desktop10.1\ArcToolbox\Toolboxes\Data Management Tools.tbx\CalculateField" Date="20150205" Time="110602">CalculateField Springs_NFSEG_010715_albers Notes "Sinkhole (FGSBlt66)" VB #</Process><Process ToolSource="c:\arcgis_desktop\desktop10.1\ArcToolbox\Toolboxes\Data Management Tools.tbx\CalculateField" Date="20150205" Time="110624">CalculateField Springs_NFSEG_010715_albers Action "Removed" VB #</Process><Process ToolSource="c:\arcgis_desktop\desktop10.1\ArcToolbox\Toolboxes\Data Management Tools.tbx\CalculateField" Date="20150205" Time="111045">CalculateField Springs_NFSEG_010715_albers Action "Removed" VB #</Process><Process ToolSource="c:\arcgis_desktop\desktop10.1\ArcToolbox\Toolboxes\Data Management Tools.tbx\CalculateField" Date="20150205" Time="111151">CalculateField Springs_NFSEG_010715_albers Notes "River Rise (FGSBlt66)" VB #</Process><Process ToolSource="c:\arcgis_desktop\desktop10.1\ArcToolbox\Toolboxes\Data Management Tools.tbx\CalculateField" Date="20150205" Time="141744">CalculateField Springs_NFSEG_010715_albers Notes "Pool elev may not be correct" VB #</Process><Process ToolSource="c:\arcgis_desktop\desktop10.1\ArcToolbox\Toolboxes\Data Management Tools.tbx\CalculateField" Date="20150209" Time="100503">CalculateField Springs_NFSEG_020515_albers FtNAVD2001 22 VB #</Process><Process ToolSource="c:\arcgis_desktop\desktop10.1\ArcToolbox\Toolboxes\Data Management Tools.tbx\CalculateField" Date="20150210" Time="153826">CalculateField Springs_NFSEG_020515_albers PoolElev01 0 VB #</Process><Process ToolSource="c:\arcgis_desktop\desktop10.1\ArcToolbox\Toolboxes\Data Management Tools.tbx\CalculateField" Date="20150210" Time="153838">CalculateField Springs_NFSEG_020515_albers PoolElev09 0 VB #</Process><Process ToolSource="c:\arcgis_desktop\desktop10.1\ArcToolbox\Toolboxes\Data Management Tools.tbx\CalculateField" Date="20150210" Time="153844">CalculateField Springs_NFSEG_020515_albers PoolElev10 0 VB #</Process><Process ToolSource="c:\arcgis_desktop\desktop10.1\ArcToolbox\Toolboxes\Data Management Tools.tbx\CalculateField" Date="20150210" Time="163428">CalculateField Springs_NFSEG_020515_albers PoolElev01 -0.54 VB #</Process><Process ToolSource="c:\arcgis_desktop\desktop10.1\ArcToolbox\Toolboxes\Data Management Tools.tbx\CalculateField" Date="20150210" Time="163505">CalculateField Springs_NFSEG_020515_albers PoolElev09 0.3 VB #</Process><Process ToolSource="c:\arcgis_desktop\desktop10.1\ArcToolbox\Toolboxes\Data Management Tools.tbx\CalculateField" Date="20150210" Time="163517">CalculateField Springs_NFSEG_020515_albers PoolElev10 0 VB #</Process><Process ToolSource="c:\arcgis_desktop\desktop10.1\ArcToolbox\Toolboxes\Data Management Tools.tbx\CalculateField" Date="20150218" Time="092606">CalculateField Springs_NFSEG_020515_albers Notes "" At the lateral GHB cell" " VB #</Process><Process ToolSource="c:\arcgis_desktop\desktop10.1\ArcToolbox\Toolboxes\Data Management Tools.tbx\CalculateField" Date="20150218" Time="092622">CalculateField Springs_NFSEG_020515_albers Action ""Removed" " VB #</Process><Process ToolSource="c:\arcgis_desktop\desktop10.1\ArcToolbox\Toolboxes\Data Management Tools.tbx\CalculateField" Date="20150218" Time="160542">CalculateField Springs_NFSEG_020515_albers PoolElev01 17.61 VB #</Process><Process ToolSource="c:\arcgis_desktop\desktop10.1\ArcToolbox\Toolboxes\Data Management Tools.tbx\CalculateField" Date="20150218" Time="160553">CalculateField Springs_NFSEG_020515_albers PoolElev09 17.935 VB #</Process><Process ToolSource="c:\arcgis_desktop\desktop10.1\ArcToolbox\Toolboxes\Data Management Tools.tbx\CalculateField" Date="20150218" Time="160603">CalculateField Springs_NFSEG_020515_albers PoolElev10 18.53 VB #</Process><Process ToolSource="c:\arcgis_desktop\desktop10.1\ArcToolbox\Toolboxes\Data Management Tools.tbx\CalculateField" Date="20150218" Time="161103">CalculateField Springs_NFSEG_020515_albers PoolElev01 23.1 VB #</Process><Process ToolSource="c:\arcgis_desktop\desktop10.1\ArcToolbox\Toolboxes\Data Management Tools.tbx\CalculateField" Date="20150218" Time="161110">CalculateField Springs_NFSEG_020515_albers PoolElev09 23.1 VB #</Process><Process ToolSource="c:\arcgis_desktop\desktop10.1\ArcToolbox\Toolboxes\Data Management Tools.tbx\CalculateField" Date="20150218" Time="161118">CalculateField Springs_NFSEG_020515_albers PoolElev10 23.1 VB #</Process><Process ToolSource="c:\arcgis_desktop\desktop10.1\ArcToolbox\Toolboxes\Data Management Tools.tbx\CalculateField" Date="20150218" Time="161847">CalculateField Springs_NFSEG_020515_albers PoolElev01 [Dem_10m] VB #</Process><Process ToolSource="c:\arcgis_desktop\desktop10.1\ArcToolbox\Toolboxes\Data Management Tools.tbx\CalculateField" Date="20150218" Time="161853">CalculateField Springs_NFSEG_020515_albers PoolElev09 [Dem_10m] VB #</Process><Process ToolSource="c:\arcgis_desktop\desktop10.1\ArcToolbox\Toolboxes\Data Management Tools.tbx\CalculateField" Date="20150218" Time="161859">CalculateField Springs_NFSEG_020515_albers PoolElev10 [Dem_10m] VB #</Process><Process ToolSource="c:\arcgis_desktop\desktop10.1\ArcToolbox\Toolboxes\Data Management Tools.tbx\CalculateField" Date="20151214" Time="114253">CalculateField Springs_NFSEG_020515_albers SiteID2 Left( [SiteID],8 ) VB #</Process><Process ToolSource="c:\arcgis_desktop\desktop10.1\ArcToolbox\Toolboxes\Data Management Tools.tbx\CalculateField" Date="20151214" Time="114310">CalculateField Springs_NFSEG_020515_albers SiteID2 Right( [SiteID],8 ) VB #</Process><Process ToolSource="c:\arcgis_desktop\desktop10.1\ArcToolbox\Toolboxes\Data Management Tools.tbx\CalculateField" Date="20151214" Time="114419">CalculateField Springs_NFSEG_020515_albers SiteID2 ""n0"&amp; Right( [SiteID],8 )" VB #</Process><Process ToolSource="c:\arcgis_desktop\desktop10.1\ArcToolbox\Toolboxes\Data Management Tools.tbx\CalculateField" Date="20151214" Time="114639">CalculateField Springs_NFSEG_020515_albers SiteID2 ""s0"&amp; Right( [SiteID],8 )" VB #</Process><Process ToolSource="c:\arcgis_desktop\desktop10.1\ArcToolbox\Toolboxes\Data Management Tools.tbx\CalculateField" Date="20151214" Time="115051">CalculateField Springs_NFSEG_020515_albers SiteID2 ""qspring01_s0"&amp; Right( [SiteID],8 )" VB #</Process><Process ToolSource="c:\arcgis_desktop\desktop10.1\ArcToolbox\Toolboxes\Data Management Tools.tbx\CalculateField" Date="20151214" Time="115126">CalculateField Springs_NFSEG_020515_albers SiteID2 ""qspring01_n0"&amp; Right( [SiteID],8 )" VB #</Process><Process ToolSource="c:\arcgis_desktop\desktop10.1\ArcToolbox\Toolboxes\Data Management Tools.tbx\CalculateField" Date="20151214" Time="121847">CalculateField Springs_NFSEG_02052015 SiteID2 ""qspring01_"'&amp; [SiteID]" VB #</Process><Process ToolSource="c:\arcgis_desktop\desktop10.1\ArcToolbox\Toolboxes\Data Management Tools.tbx\CalculateField" Date="20151214" Time="121859">CalculateField Springs_NFSEG_02052015 SiteID2 ""qspring01_"'&amp; [SiteID]" VB #</Process><Process ToolSource="c:\arcgis_desktop\desktop10.1\ArcToolbox\Toolboxes\Data Management Tools.tbx\CalculateField" Date="20151214" Time="121926">CalculateField Springs_NFSEG_02052015 SiteID2 ""qspring01_"'&amp; [SiteID]" VB #</Process><Process ToolSource="c:\arcgis_desktop\desktop10.1\ArcToolbox\Toolboxes\Data Management Tools.tbx\CalculateField" Date="20151214" Time="122004">CalculateField Springs_NFSEG_02052015 SiteID2 ""qspring01_"' [SiteID]" VB #</Process><Process ToolSource="c:\arcgis_desktop\desktop10.1\ArcToolbox\Toolboxes\Data Management Tools.tbx\CalculateField" Date="20151214" Time="122018">CalculateField Springs_NFSEG_02052015 SiteID2 ""qspring01_"'&amp; [SiteID]" VB #</Process><Process ToolSource="c:\arcgis_desktop\desktop10.1\ArcToolbox\Toolboxes\Data Management Tools.tbx\CalculateField" Date="20151214" Time="122154">CalculateField Springs_NFSEG_02052015 SiteID2 ""qspring01_"'&amp; [SiteID]&amp;" VB #</Process><Process ToolSource="c:\arcgis_desktop\desktop10.1\ArcToolbox\Toolboxes\Data Management Tools.tbx\CalculateField" Date="20151214" Time="122337">CalculateField Springs_NFSEG_02052015 SiteID2 ""qspring01_" &amp; [SiteID]" VB #</Process><Process ToolSource="c:\arcgis_desktop\desktop10.1\ArcToolbox\Toolboxes\Data Management Tools.tbx\CalculateField" Date="20151214" Time="122412">CalculateField Springs_NFSEG_02052015 SiteID2 null VB #</Process><Process ToolSource="c:\arcgis_desktop\desktop10.1\ArcToolbox\Toolboxes\Data Management Tools.tbx\CalculateField" Date="20151214" Time="132020">CalculateField Springs_NFSEG_02052015 SiteID2 " "qspring01_s0" &amp; [SiteID]" VB #</Process><Process ToolSource="c:\arcgis_desktop\desktop10.1\ArcToolbox\Toolboxes\Data Management Tools.tbx\CalculateField" Date="20151214" Time="132311">CalculateField Springs_NFSEG_02052015 SiteID2 " "qspring01_s0"&amp; Right( [SiteID],8 )" VB #</Process><Process ToolSource="c:\arcgis_desktop\desktop10.1\ArcToolbox\Toolboxes\Data Management Tools.tbx\CalculateField" Date="20151214" Time="132719">CalculateField Springs_NFSEG_02052015 SiteID2 " "qspring01_s0"&amp; [SiteID]" VB #</Process><Process ToolSource="c:\arcgis_desktop\desktop10.1\ArcToolbox\Toolboxes\Data Management Tools.tbx\CalculateField" Date="20151214" Time="132747">CalculateField Springs_NFSEG_02052015 SiteID2 null VB #</Process><Process ToolSource="c:\arcgis_desktop\desktop10.1\ArcToolbox\Toolboxes\Data Management Tools.tbx\CalculateField" Date="20151214" Time="132813">CalculateField Springs_NFSEG_02052015 SiteID2 ""qspring01_"&amp; [SiteID]" VB #</Process><Process ToolSource="c:\arcgis_desktop\desktop10.1\ArcToolbox\Toolboxes\Data Management Tools.tbx\CalculateField" Date="20151214" Time="132956">CalculateField Springs_NFSEG_02052015 Springs_SiteID01 [SiteID2] VB #</Process><Process ToolSource="c:\arcgis_desktop\desktop10.1\ArcToolbox\Toolboxes\Data Management Tools.tbx\CalculateField" Date="20151214" Time="133120">CalculateField Springs_NFSEG_02052015 Springs_SiteID09 [SiteID2] VB #</Process><Process ToolSource="c:\arcgis_desktop\desktop10.1\ArcToolbox\Toolboxes\Data Management Tools.tbx\CalculateField" Date="20151214" Time="133707">CalculateField Springs_NFSEG_02052015 Springs_SiteID09 null VB #</Process><Process ToolSource="c:\arcgis_desktop\desktop10.1\ArcToolbox\Toolboxes\Data Management Tools.tbx\CalculateField" Date="20151214" Time="134011">CalculateField Springs_NFSEG_02052015 Springs_SiteID09 ""qspring09_"&amp; Mid( [SiteID2], 11, 50 )" VB #</Process><Process ToolSource="c:\arcgis_desktop\desktop10.1\ArcToolbox\Toolboxes\Data Management Tools.tbx\CalculateField" Date="20151223" Time="141410">CalculateField Springs_NFSEG_02052015 SpringCond_ID ""sc"&amp; [ReachID]" VB #</Process><Process ToolSource="c:\arcgis_desktop\desktop10.1\ArcToolbox\Toolboxes\Data Management Tools.tbx\Project" Date="20160426" Time="074026">Project Springs_NFSEG_02052015 H:\Engineering_and_Hydro_Science\Staff\fgordu\NFSEG_Model\TechTeamReview\ModelSubmittal_050216\GIS\NFSEG_CalibrationData020516.gdb\Springs_NFSEG_02052015 PROJCS['NAD_1983_Albers',GEOGCS['GCS_North_American_1983',DATUM['D_North_American_1983',SPHEROID['GRS_1980',6378137.0,298.257222101]],PRIMEM['Greenwich',0.0],UNIT['Degree',0.0174532925199433]],PROJECTION['Albers'],PARAMETER['False_Easting',0.0],PARAMETER['False_Northing',0.0],PARAMETER['Central_Meridian',-84.0],PARAMETER['Standard_Parallel_1',29.5],PARAMETER['Standard_Parallel_2',45.5],PARAMETER['Latitude_Of_Origin',23.0],UNIT['Meter',1.0]] # PROJCS['NAD_1983_Albers_ft',GEOGCS['GCS_North_American_1983',DATUM['D_North_American_1983',SPHEROID['GRS_1980',6378137.0,298.257222101]],PRIMEM['Greenwich',0.0],UNIT['Degree',0.0174532925199433]],PROJECTION['Albers'],PARAMETER['False_Easting',0.0],PARAMETER['False_Northing',0.0],PARAMETER['Central_Meridian',-84.0],PARAMETER['Standard_Parallel_1',29.5],PARAMETER['Standard_Parallel_2',45.5],PARAMETER['Latitude_Of_Origin',23.0],UNIT['Foot_US',0.3048006096012192]]</Process><Process ToolSource="C:\Program Files (x86)\XTools\XTools Pro\Toolbox\XTools Pro.tbx\XToolsGP_DeleteMultipleFields" Date="20160426" Time="101152">XToolsGP_DeleteMultipleFields Springs_NFSEG_02052015 Sprg_Wl_01;Sprg_WL_09;Sprg_WL_10;SpgCond_09;SpgCond_10;SpgQ_01;SpgQ_09;SpgQ_10;FtNAVD2001;FtNAVD2009;FtNAVD2010;Distance;Cond_Upd;Notes;Action_;row;col;CELLID</Process></lineage><itemProps><itemLocation><linkage Sync="TRUE">file://\\sjrwmd.com\Private\User\Engineering_and_Hydro_Science\Staff\fgordu\NFSEG_Model\TechTeamReview\ModelSubmittal_050216\GIS\NFSEG_CalibrationData020516.gdb</linkage><protocol Sync="TRUE">Local Area Network</protocol></itemLocation></itemProps></DataProperties></Esri></metadata>
