bc_recnum,name_for_output
1,ala1029101
2,TREEHOUSE SPRING
3,ALA930971 (ALACHUA)
4,ALA930972 (ALACHUA)
5,ALAPAHA RIVER RISE
6,ALLEN MILL POND SPRINGS
7,ANDERSON SPRING
8,NUTALL RISE
9,BELL SPRING (GILCHRIST)
10,BELL SPRINGS (COLUMBIA)
11,BETTY SPRING
12,BIG SPRING (TAYLOR)
13,BLUE CREEK SPRING
14,MADISON BLUE SPRING
15,GILCHRIST BLUE SPRING
16,BONNET SPRING
17,BRANFORD SPRING
18,BRADLEY SPRING
19,LEVY BLUE SPRING
20,BLUE SINK SPRING (SUWANNEE)
21,BATHTUB SPRING (SUWANNEE)
22,CARLTON SPRING
23,CAMP GROUND SPRING (TAYLOR)
24,CHARLES SPRING
25,CEDAR ISLAND SPRING (TAYLOR)
26,COLUMBIA SPRING
27,COL1012971 (COLUMBIA)
28,COL1012972 (COLUMBIA)
29,COL101971 (COLUMBIA)
30,JONATHAN SPRING
31,COL101974 (COLUMBIA)
32,COL101975 (COLUMBIA)
33,COL1105041 (COLUMBIA)
34,COL428981 (COLUMBIA)
35,ALLEN SPRING
36,COL522981 (COLUMBIA)
37,COL522982 (COLUMBIA)
38,SANTA FE SPRING (COLUMBIA)
39,COL61982 (COLUMBIA)
40,col728101
41,COL917971 (COLUMBIA)
42,COL928971 (COLUMBIA)
43,MYRTLES FISSURE SPRING
44,COL930971 (COLUMBIA)
45,CONVICT SPRING
46,COPPER SPRING
47,COW SPRING
48,DARBY SPRING
49,DEER SPRING (GILCHRIST)
50,DEVILS EAR SPRING (GILCHRIST)
51,DIX625991 (DIXIE)
52,dix625992
53,DIX625993 (DIXIE)
54,DIX625994 (DIXIE)
55,DIX95971 (DIXIE)
56,DOGWOOD SPRING
57,DEVILS EYE SPRING (GILCHRIST)
58,ELLAVILLE SPRING
59,EVA SPRING
60,EWING SPRING
61,FANNING SPRINGS
62,FLETCHER SPRINGS
63,FOLSOM SPRING
64,FENHOLLOWAY SPRING
65,GIL1012971 (GILCHRIST)
66,GIL1012972 (GILCHRIST)
67,SIPHON CREEK RISE
68,GIL1012974 (GILCHRIST)
69,JOHNSON SPRING
70,GIL107971 (GILCHRIST)
71,GIL107972 (GILCHRIST)
72,GIL729971 (GILCHRIST)
73,GIL729972 (GILCHRIST)
74,GIL729973 (GILCHRIST)
75,GIL84971 (GILCHRIST)
76,TROOP SPRING
77,GIL917972 (GILCHRIST)
78,GIL917973 (GILCHRIST)
79,GIL928971 (GILCHRIST)
80,GIL928972 (GILCHRIST)
81,LITTLE OTTER SPRING
82,GIL99971 (GILCHRIST)
83,GIL99972 (GILCHRIST)
84,GIL99974 (GILCHRIST)
85,GINNIE SPRING
86,GUARANTO SPRING
87,HAMPTON SPRING (TAYLOR)
88,HAM1017971 (HAMILTON)
89,HAM1017972 (HAMILTON)
90,HAM1017973 (HAMILTON)
91,HAM1017974 (HAMILTON)
92,HAM1019971 (HAMILTON)
93,HAM1019972 (HAMILTON)
94,HAM1023971 (HAMILTON)
95,HAM522981 (HAMILTON)
96,ham54011
97,HAM54012 (HAMILTON)
98,HAM610981 (HAMILTON)
99,HAM610982 (HAMILTON)
100,HAM610983 (HAMILTON)
101,HAM610984 (HAMILTON)
102,TANNER SPRING (HAMILTON)
103,HAM612982 (HAMILTON)
104,SEVEN SISTERS SPRING (HAMILTON)
105,HAM923972 (HAMILTON)
106,HAM923973 (HAMILTON)
107,HART SPRINGS
108,HEILBRONN SPRING
109,HOLTON CREEK RISE
110,HORNSBY SPRING
111,ICHETUCKNEE HEAD SPRING (SUWANNEE)
112,BLUE HOLE SPRING (COLUMBIA)
113,MISSION SPRINGS
114,DEVILS EYE SPRINGS (SUWANNEE)
115,MILL POND SPRINGS (COLUMBIA)
116,CEDAR HEAD SPRING
117,GRASSY HOLE SPRING
118,COFFEE SPRINGS
119,IRON SPRINGS (DIXIE)
120,JAMISON SPRINGS
121,JABO SPRING
122,JEF312991 (JEFFERSON)
123,JEF63991
124,JEF63992 (JEFFERSON)
125,JEF63993 (JEFFERSON)
126,JEF64991 (JEFFERSON)
127,JULY SPRING
128,LAF1024001 (LAFAYETTE)
129,LAF57981 (LAFAYETTE)
130,LAF57982 (LAFAYETTE)
131,LAF710981 (LAFAYETTE)
132,LAF718971 (LAFAYETTE)
133,LAF718972 (LAFAYETTE)
134,LAF919971 (LAFAYETTE)
135,LAF919972 (LAFAYETTE)
136,LAF922975 (LAFAYETTE)
137,LAF922976 (LAFAYETTE)
138,LAF922977 (LAFAYETTE)
139,LAF924971 (LAFAYETTE)
140,LAF924972 (LAFAYETTE)
141,LAF929971 (LAFAYETTE)
142,LAF929972 (LAFAYETTE)
143,LAF929973 (LAFAYETTE)
144,LAF93971 (LAFAYETTE)
145,LAFAYETTE BLUE SPRING
146,LITTLE COPPER SPRING
147,LITTLE DEVIL SPRING
148,LEVY BLUE SPRING
149,LEV97991 (LEVY)
150,LITTLE FANNING SPRING
151,LILLY SPRING
152,LIME SPRING (SUWANNEE)
153,LOUISE SPRINGS
154,LITTLE RIVER SPRING
155,LIME RUN SPRING OR SINK (SUWANNEE)
156,LURAVILLE SPRING
157,MAD610981 (MADISON)
158,MAD610982 (MADISON)
159,MAD612981 (MADISON)
160,MAD612982 (MADISON)
161,MAD922971 (MADISON)
162,MAD922972 (MADISON)
163,MAD922973 (MADISON)
164,MAD922974 (MADISON)
165,MAD922975 (MADISON)
166,MAD922976 (MADISON)
167,FARA SPRING
168,MANATEE SPRING
169,MATTAIR SPRINGS
170,MCCRABB SPRING
171,MEARSON SPRING
172,MORGAN SPRING
173,OASIS SPRING
174,ORANGE GROVE SPRING
175,OTTER SPRING
176,OWENS SPRING
177,PEACOCK SPRINGS (SUWANNEE) #1
178,PERRY SPRING
179,PICKARD SPRING
180,POE SPRING
181,POT HOLE SPRING
182,POT SPRING
183,ROCK BLUFF SPRINGS
184,ROCK SINK SPRING
185,RUTH SPRING (LAFAYETTE)
186,ROYAL SPRING
187,RUM ISLAND SPRING
188,RUNNING SPRINGS #1
189,RUNNING SPRINGS #2
190,SAWDUST SPRING
191,SUWANNEE BLUE SPRING
192,SUWANACOOCHEE SPRING
193,SANTA FE RIVER RISE (ALACHUA)
194,SHINGLE SPRING
195,SHIRLEY SPRING
196,IRON SPRING (LAFAYETTE)
197,SUWANNEE SPRINGS
198,STEINHATCHEE SPRING
199,STEINHATCHEE RIVER RISE
200,SUNBEAM SPRING
201,SUN SPRINGS
202,SUW1017971 (SUWANNEE)
203,BLUE SPRING (SUWANNEE)
204,SUW1019971 (SUWANNEE)
205,SUW1023971 (SUWANNEE)
206,SUW106971 (SUWANNEE)
207,SUW107971 (SUWANNEE)
208,suw616101
209,SUW718971 (SUWANNEE)
210,SUW725971 (SUWANNEE)
211,SUW917971 (SUWANNEE)
212,SUW917972 (SUWANNEE)
213,suw919971
214,SUW919972 (SUWANNEE)
215,SUW919973 (SUWANNEE)
216,SUW919974 (SUWANNEE)
217,SUW922971 (SUWANNEE)
218,SUW922972 (SUWANNEE)
219,SUW922973 (SUWANNEE)
220,SUW922974 (SUWANNEE)
221,SUW923971 (SUWANNEE)
222,SUW923972 (SUWANNEE)
223,STEVENSON SPRING
224,SUW925971 (SUWANNEE)
225,SUW925972 (SUWANNEE)
226,SUW925973 (SUWANNEE)
227,SUW925974 (SUWANNEE)
228,SUW925975 (SUWANNEE)
229,SPRING WARRIOR SPRING
230,TAY616991 (TAYLOR)
231,TAY616992 (TAYLOR)
232,TAY622991 (TAYLOR)
233,TAY625991 (TAYLOR)
234,TAY625993 (TAYLOR)
235,TAY625995 (TAYLOR)
236,TAY69991 (TAYLOR)
237,TAY69992 (TAYLOR)
238,TAY730991 (TAYLOR)
239,TAY76991 (TAYLOR)
240,BEAVER CREEK SPRING
241,TAY77041 (TAYLOR)
242,TAY77042 (TAYLOR)
243,TAY77043 (TAYLOR)
244,TAY77044 (TAYLOR)
245,JUG ISLAND SPRING
246,TAY924991 (TAYLOR)
247,TAY924993 (TAYLOR)
248,TELFORD SPRING
249,TRAIL SPRING
250,TROY SPRING
251,TURTLE SPRING
252,TWIN SPRING
253,WALDO SPRING
254,WACISSA SPRING #2
255,BIG BLUE SPRING (JEFFERSON)
256,JEFFERSON BLUE SPRING
257,BUZZARD LOG SPRING (JEFFERSON)
258,CASSIDY SPRINGS
259,GARNER SPRING
260,HORSEHEAD SPRING
261,LOG SPRING (JEFFERSON)
262,MINNOW SPRING
263,THOMAS SPRING (JEFFERSON)
264,AUCILLA SPRING
265,WOODS CREEK RISE
266,WEKIVA SPRINGS (LEVY)
267,WILSON SPRING (COLUMBIA)
268,WALKER SPRING (JEFFERSON)
269,WORTHINGTON SPRING
270,CITRUS BLUE SPRING
271,ALEXANDER SPRING
272,RAINBOW SPRING #1
273,DELEON SPRING (VOLUSIA)
274,FERN HAMMOCK SPRINGS
275,TURTLE NOOK SPRING
276,SWEETWATER SPRINGS
277,SILVER GLEN SPRINGS
278,SALT SPRINGS (MARION)
279,WELLS LANDING SPRING
280,TOBACCO PATCH LANDING SPRING
281,CROAKER HOLE SPRING
282,BEECHER SPRING
283,MUD SPRING (PUTNAM)
284,WELAKA SPRING
285,CAMP SEMINOLE SPRINGS
286,ORANGE SPRING (MARION)
287,MARION BLUE SPRING
288,GREEN COVE SPRINGS
289,SHEPHERD SPRING
290,GANDER SPRING
291,NEWPORT SPRING
292,WAKULLA SPRING
293,ST MARKS RIVER RISE (LEON)
294,NATURAL BRIDGE SPRING (LEON)
296,HORN SPRING
297,CHICKEN BRANCH SPRING
