<metadata xml:lang="en"><Esri><CreaDate>20180124</CreaDate><CreaTime>11071200</CreaTime><ArcGISFormat>1.0</ArcGISFormat><ArcGISstyle>XTools Pro Metadata</ArcGISstyle><SyncOnce>FALSE</SyncOnce><DataProperties><itemProps><itemName Sync="TRUE">nfseg_v1_1_grid</itemName><imsContentType Sync="TRUE">002</imsContentType><itemLocation><linkage Sync="TRUE">file://\\GRUBBST-10LP\D$\nfseg_v1.1\auto\working_nfseg\preproc\wellpkg_update\nfseg_v1_1_grid.shp</linkage><protocol Sync="TRUE">Local Area Network</protocol></itemLocation><itemSize Sync="TRUE">0.000</itemSize></itemProps><coordRef><type Sync="TRUE">Projected</type><geogcsn Sync="TRUE">GCS_North_American_1983</geogcsn><csUnits Sync="TRUE">Linear Unit: Meter (1.000000)</csUnits><projcsn Sync="TRUE">NAD_1983_Albers</projcsn><peXml Sync="TRUE">&lt;ProjectedCoordinateSystem xsi:type='typens:ProjectedCoordinateSystem' xmlns:xsi='http://www.w3.org/2001/XMLSchema-instance' xmlns:xs='http://www.w3.org/2001/XMLSchema' xmlns:typens='http://www.esri.com/schemas/ArcGIS/10.1'&gt;&lt;WKT&gt;PROJCS[&amp;quot;NAD_1983_Albers&amp;quot;,GEOGCS[&amp;quot;GCS_North_American_1983&amp;quot;,DATUM[&amp;quot;D_North_American_1983&amp;quot;,SPHEROID[&amp;quot;GRS_1980&amp;quot;,6378137.0,298.257222101]],PRIMEM[&amp;quot;Greenwich&amp;quot;,0.0],UNIT[&amp;quot;Degree&amp;quot;,0.0174532925199433]],PROJECTION[&amp;quot;Albers&amp;quot;],PARAMETER[&amp;quot;False_Easting&amp;quot;,0.0],PARAMETER[&amp;quot;False_Northing&amp;quot;,0.0],PARAMETER[&amp;quot;Central_Meridian&amp;quot;,-84.0],PARAMETER[&amp;quot;Standard_Parallel_1&amp;quot;,29.5],PARAMETER[&amp;quot;Standard_Parallel_2&amp;quot;,45.5],PARAMETER[&amp;quot;Latitude_Of_Origin&amp;quot;,23.0],UNIT[&amp;quot;Meter&amp;quot;,1.0]]&lt;/WKT&gt;&lt;XOrigin&gt;-16901100&lt;/XOrigin&gt;&lt;YOrigin&gt;-6972200&lt;/YOrigin&gt;&lt;XYScale&gt;266467840.99085236&lt;/XYScale&gt;&lt;ZOrigin&gt;-100000&lt;/ZOrigin&gt;&lt;ZScale&gt;10000&lt;/ZScale&gt;&lt;MOrigin&gt;-100000&lt;/MOrigin&gt;&lt;MScale&gt;10000&lt;/MScale&gt;&lt;XYTolerance&gt;0.001&lt;/XYTolerance&gt;&lt;ZTolerance&gt;0.001&lt;/ZTolerance&gt;&lt;MTolerance&gt;0.001&lt;/MTolerance&gt;&lt;HighPrecision&gt;true&lt;/HighPrecision&gt;&lt;/ProjectedCoordinateSystem&gt;</peXml></coordRef><lineage><Process ToolSource="c:\arcgis_desktop\desktop10.1\ArcToolbox\Toolboxes\Conversion Tools.tbx\FeatureClassToFeatureClass" Date="20160114" Time="162826">FeatureClassToFeatureClass X:\GWP\Users\ddurden\NORTH_FLORIDA_GW_MODEL\Data\FORTRAN_CODE\Model_Modifications\batch_process\River_Revs_Part_III\IBV5_5_Related\Shape_File\IBV5_5.shp X:\GWP\Users\ddurden\NORTH_FLORIDA_GW_MODEL\Shape_Files_prjFDEP\SJRWMD_GWP.gdb IBV5_5 # "OBJECTID "OBJECTID" true true false 9 Long 0 9 ,First,#,X:\GWP\Users\ddurden\NORTH_FLORIDA_GW_MODEL\Data\FORTRAN_CODE\Model_Modifications\batch_process\River_Revs_Part_III\IBV5_5_Related\Shape_File\IBV5_5.shp,OBJECTID,-1,-1;row "row" true true false 4 Short 0 4 ,First,#,X:\GWP\Users\ddurden\NORTH_FLORIDA_GW_MODEL\Data\FORTRAN_CODE\Model_Modifications\batch_process\River_Revs_Part_III\IBV5_5_Related\Shape_File\IBV5_5.shp,row,-1,-1;col "col" true true false 4 Short 0 4 ,First,#,X:\GWP\Users\ddurden\NORTH_FLORIDA_GW_MODEL\Data\FORTRAN_CODE\Model_Modifications\batch_process\River_Revs_Part_III\IBV5_5_Related\Shape_File\IBV5_5.shp,col,-1,-1;delx "delx" true true false 4 Short 0 4 ,First,#,X:\GWP\Users\ddurden\NORTH_FLORIDA_GW_MODEL\Data\FORTRAN_CODE\Model_Modifications\batch_process\River_Revs_Part_III\IBV5_5_Related\Shape_File\IBV5_5.shp,delx,-1,-1;dely "dely" true true false 4 Short 0 4 ,First,#,X:\GWP\Users\ddurden\NORTH_FLORIDA_GW_MODEL\Data\FORTRAN_CODE\Model_Modifications\batch_process\River_Revs_Part_III\IBV5_5_Related\Shape_File\IBV5_5.shp,dely,-1,-1;area "area" true true false 9 Long 0 9 ,First,#,X:\GWP\Users\ddurden\NORTH_FLORIDA_GW_MODEL\Data\FORTRAN_CODE\Model_Modifications\batch_process\River_Revs_Part_III\IBV5_5_Related\Shape_File\IBV5_5.shp,area,-1,-1;AreaSQM "AreaSQM" true true false 19 Double 0 0 ,First,#,X:\GWP\Users\ddurden\NORTH_FLORIDA_GW_MODEL\Data\FORTRAN_CODE\Model_Modifications\batch_process\River_Revs_Part_III\IBV5_5_Related\Shape_File\IBV5_5.shp,AreaSQM,-1,-1;ROW_1 "ROW_1" true true false 19 Double 0 0 ,First,#,X:\GWP\Users\ddurden\NORTH_FLORIDA_GW_MODEL\Data\FORTRAN_CODE\Model_Modifications\batch_process\River_Revs_Part_III\IBV5_5_Related\Shape_File\IBV5_5.shp,ROW_1,-1,-1;COL_1 "COL_1" true true false 19 Double 0 0 ,First,#,X:\GWP\Users\ddurden\NORTH_FLORIDA_GW_MODEL\Data\FORTRAN_CODE\Model_Modifications\batch_process\River_Revs_Part_III\IBV5_5_Related\Shape_File\IBV5_5.shp,COL_1,-1,-1;CELLID "CELLID" true true false 19 Double 0 0 ,First,#,X:\GWP\Users\ddurden\NORTH_FLORIDA_GW_MODEL\Data\FORTRAN_CODE\Model_Modifications\batch_process\River_Revs_Part_III\IBV5_5_Related\Shape_File\IBV5_5.shp,CELLID,-1,-1;Shape_Leng "Shape_Leng" true true false 19 Double 0 0 ,First,#,X:\GWP\Users\ddurden\NORTH_FLORIDA_GW_MODEL\Data\FORTRAN_CODE\Model_Modifications\batch_process\River_Revs_Part_III\IBV5_5_Related\Shape_File\IBV5_5.shp,Shape_Leng,-1,-1;Shape_Area "Shape_Area" true true false 19 Double 0 0 ,First,#,X:\GWP\Users\ddurden\NORTH_FLORIDA_GW_MODEL\Data\FORTRAN_CODE\Model_Modifications\batch_process\River_Revs_Part_III\IBV5_5_Related\Shape_File\IBV5_5.shp,Shape_Area,-1,-1;OID_ "OID_" true true false 9 Long 0 9 ,First,#,X:\GWP\Users\ddurden\NORTH_FLORIDA_GW_MODEL\Data\FORTRAN_CODE\Model_Modifications\batch_process\River_Revs_Part_III\IBV5_5_Related\Shape_File\IBV5_5.shp,OID_,-1,-1;ID "ID" true true false 19 Double 5 18 ,First,#,X:\GWP\Users\ddurden\NORTH_FLORIDA_GW_MODEL\Data\FORTRAN_CODE\Model_Modifications\batch_process\River_Revs_Part_III\IBV5_5_Related\Shape_File\IBV5_5.shp,ID,-1,-1;NFSEG_CID "NFSEG_CID" true true false 19 Double 5 18 ,First,#,X:\GWP\Users\ddurden\NORTH_FLORIDA_GW_MODEL\Data\FORTRAN_CODE\Model_Modifications\batch_process\River_Revs_Part_III\IBV5_5_Related\Shape_File\IBV5_5.shp,NFSEG_CID,-1,-1;ROW_12 "ROW_12" true true false 19 Double 5 18 ,First,#,X:\GWP\Users\ddurden\NORTH_FLORIDA_GW_MODEL\Data\FORTRAN_CODE\Model_Modifications\batch_process\River_Revs_Part_III\IBV5_5_Related\Shape_File\IBV5_5.shp,ROW_12,-1,-1;COLUMN_ "COLUMN_" true true false 19 Double 5 18 ,First,#,X:\GWP\Users\ddurden\NORTH_FLORIDA_GW_MODEL\Data\FORTRAN_CODE\Model_Modifications\batch_process\River_Revs_Part_III\IBV5_5_Related\Shape_File\IBV5_5.shp,COLUMN,-1,-1;IB1 "IB1" true true false 19 Double 5 18 ,First,#,X:\GWP\Users\ddurden\NORTH_FLORIDA_GW_MODEL\Data\FORTRAN_CODE\Model_Modifications\batch_process\River_Revs_Part_III\IBV5_5_Related\Shape_File\IBV5_5.shp,IB1,-1,-1;IB2 "IB2" true true false 19 Double 5 18 ,First,#,X:\GWP\Users\ddurden\NORTH_FLORIDA_GW_MODEL\Data\FORTRAN_CODE\Model_Modifications\batch_process\River_Revs_Part_III\IBV5_5_Related\Shape_File\IBV5_5.shp,IB2,-1,-1;IB3 "IB3" true true false 19 Double 5 18 ,First,#,X:\GWP\Users\ddurden\NORTH_FLORIDA_GW_MODEL\Data\FORTRAN_CODE\Model_Modifications\batch_process\River_Revs_Part_III\IBV5_5_Related\Shape_File\IBV5_5.shp,IB3,-1,-1;IB4 "IB4" true true false 19 Double 5 18 ,First,#,X:\GWP\Users\ddurden\NORTH_FLORIDA_GW_MODEL\Data\FORTRAN_CODE\Model_Modifications\batch_process\River_Revs_Part_III\IBV5_5_Related\Shape_File\IBV5_5.shp,IB4,-1,-1;IB5 "IB5" true true false 19 Double 5 18 ,First,#,X:\GWP\Users\ddurden\NORTH_FLORIDA_GW_MODEL\Data\FORTRAN_CODE\Model_Modifications\batch_process\River_Revs_Part_III\IBV5_5_Related\Shape_File\IBV5_5.shp,IB5,-1,-1;IB6 "IB6" true true false 19 Double 5 18 ,First,#,X:\GWP\Users\ddurden\NORTH_FLORIDA_GW_MODEL\Data\FORTRAN_CODE\Model_Modifications\batch_process\River_Revs_Part_III\IBV5_5_Related\Shape_File\IBV5_5.shp,IB6,-1,-1;IB7 "IB7" true true false 19 Double 5 18 ,First,#,X:\GWP\Users\ddurden\NORTH_FLORIDA_GW_MODEL\Data\FORTRAN_CODE\Model_Modifications\batch_process\River_Revs_Part_III\IBV5_5_Related\Shape_File\IBV5_5.shp,IB7,-1,-1;LSEDEP10M "LSEDEP10M" true true false 19 Double 5 18 ,First,#,X:\GWP\Users\ddurden\NORTH_FLORIDA_GW_MODEL\Data\FORTRAN_CODE\Model_Modifications\batch_process\River_Revs_Part_III\IBV5_5_Related\Shape_File\IBV5_5.shp,LSEDEP10M,-1,-1;SASBOT "SASBOT" true true false 19 Double 5 18 ,First,#,X:\GWP\Users\ddurden\NORTH_FLORIDA_GW_MODEL\Data\FORTRAN_CODE\Model_Modifications\batch_process\River_Revs_Part_III\IBV5_5_Related\Shape_File\IBV5_5.shp,SASBOT,-1,-1;ICUBOT "ICUBOT" true true false 19 Double 5 18 ,First,#,X:\GWP\Users\ddurden\NORTH_FLORIDA_GW_MODEL\Data\FORTRAN_CODE\Model_Modifications\batch_process\River_Revs_Part_III\IBV5_5_Related\Shape_File\IBV5_5.shp,ICUBOT,-1,-1;MCU12TOP "MCU12TOP" true true false 19 Double 5 18 ,First,#,X:\GWP\Users\ddurden\NORTH_FLORIDA_GW_MODEL\Data\FORTRAN_CODE\Model_Modifications\batch_process\River_Revs_Part_III\IBV5_5_Related\Shape_File\IBV5_5.shp,MCU12TOP,-1,-1;LFATOP "LFATOP" true true false 19 Double 5 18 ,First,#,X:\GWP\Users\ddurden\NORTH_FLORIDA_GW_MODEL\Data\FORTRAN_CODE\Model_Modifications\batch_process\River_Revs_Part_III\IBV5_5_Related\Shape_File\IBV5_5.shp,LFATOP,-1,-1;UZLFABOT "UZLFABOT" true true false 19 Double 5 18 ,First,#,X:\GWP\Users\ddurden\NORTH_FLORIDA_GW_MODEL\Data\FORTRAN_CODE\Model_Modifications\batch_process\River_Revs_Part_III\IBV5_5_Related\Shape_File\IBV5_5.shp,UZLFABOT,-1,-1;LSCUTOP "LSCUTOP" true true false 19 Double 5 18 ,First,#,X:\GWP\Users\ddurden\NORTH_FLORIDA_GW_MODEL\Data\FORTRAN_CODE\Model_Modifications\batch_process\River_Revs_Part_III\IBV5_5_Related\Shape_File\IBV5_5.shp,LSCUTOP,-1,-1;FPZTOP "FPZTOP" true true false 19 Double 5 18 ,First,#,X:\GWP\Users\ddurden\NORTH_FLORIDA_GW_MODEL\Data\FORTRAN_CODE\Model_Modifications\batch_process\River_Revs_Part_III\IBV5_5_Related\Shape_File\IBV5_5.shp,FPZTOP,-1,-1;FASBASE "FASBASE" true true false 19 Double 5 18 ,First,#,X:\GWP\Users\ddurden\NORTH_FLORIDA_GW_MODEL\Data\FORTRAN_CODE\Model_Modifications\batch_process\River_Revs_Part_III\IBV5_5_Related\Shape_File\IBV5_5.shp,FASBASE,-1,-1;TDS10K "TDS10K" true true false 19 Double 5 18 ,First,#,X:\GWP\Users\ddurden\NORTH_FLORIDA_GW_MODEL\Data\FORTRAN_CODE\Model_Modifications\batch_process\River_Revs_Part_III\IBV5_5_Related\Shape_File\IBV5_5.shp,TDS10K,-1,-1;SASTHK "SASTHK" true true false 19 Double 5 18 ,First,#,X:\GWP\Users\ddurden\NORTH_FLORIDA_GW_MODEL\Data\FORTRAN_CODE\Model_Modifications\batch_process\River_Revs_Part_III\IBV5_5_Related\Shape_File\IBV5_5.shp,SASTHK,-1,-1;THKICU "THKICU" true true false 19 Double 5 18 ,First,#,X:\GWP\Users\ddurden\NORTH_FLORIDA_GW_MODEL\Data\FORTRAN_CODE\Model_Modifications\batch_process\River_Revs_Part_III\IBV5_5_Related\Shape_File\IBV5_5.shp,THKICU,-1,-1;FWTHKICU "FWTHKICU" true true false 19 Double 5 18 ,First,#,X:\GWP\Users\ddurden\NORTH_FLORIDA_GW_MODEL\Data\FORTRAN_CODE\Model_Modifications\batch_process\River_Revs_Part_III\IBV5_5_Related\Shape_File\IBV5_5.shp,FWTHKICU,-1,-1;THKUFA "THKUFA" true true false 19 Double 5 18 ,First,#,X:\GWP\Users\ddurden\NORTH_FLORIDA_GW_MODEL\Data\FORTRAN_CODE\Model_Modifications\batch_process\River_Revs_Part_III\IBV5_5_Related\Shape_File\IBV5_5.shp,THKUFA,-1,-1;FWTHKUFA "FWTHKUFA" true true false 19 Double 5 18 ,First,#,X:\GWP\Users\ddurden\NORTH_FLORIDA_GW_MODEL\Data\FORTRAN_CODE\Model_Modifications\batch_process\River_Revs_Part_III\IBV5_5_Related\Shape_File\IBV5_5.shp,FWTHKUFA,-1,-1;THKMCU12 "THKMCU12" true true false 19 Double 5 18 ,First,#,X:\GWP\Users\ddurden\NORTH_FLORIDA_GW_MODEL\Data\FORTRAN_CODE\Model_Modifications\batch_process\River_Revs_Part_III\IBV5_5_Related\Shape_File\IBV5_5.shp,THKMCU12,-1,-1;FWTHKMCU12 "FWTHKMCU12" true true false 19 Double 5 18 ,First,#,X:\GWP\Users\ddurden\NORTH_FLORIDA_GW_MODEL\Data\FORTRAN_CODE\Model_Modifications\batch_process\River_Revs_Part_III\IBV5_5_Related\Shape_File\IBV5_5.shp,FWTHKMCU12,-1,-1;THKUZLFA "THKUZLFA" true true false 19 Double 5 18 ,First,#,X:\GWP\Users\ddurden\NORTH_FLORIDA_GW_MODEL\Data\FORTRAN_CODE\Model_Modifications\batch_process\River_Revs_Part_III\IBV5_5_Related\Shape_File\IBV5_5.shp,THKUZLFA,-1,-1;FWTHKUZLFA "FWTHKUZLFA" true true false 19 Double 5 18 ,First,#,X:\GWP\Users\ddurden\NORTH_FLORIDA_GW_MODEL\Data\FORTRAN_CODE\Model_Modifications\batch_process\River_Revs_Part_III\IBV5_5_Related\Shape_File\IBV5_5.shp,FWTHKUZLFA,-1,-1;THKLSCU "THKLSCU" true true false 19 Double 5 18 ,First,#,X:\GWP\Users\ddurden\NORTH_FLORIDA_GW_MODEL\Data\FORTRAN_CODE\Model_Modifications\batch_process\River_Revs_Part_III\IBV5_5_Related\Shape_File\IBV5_5.shp,THKLSCU,-1,-1;FWTHKLSCU "FWTHKLSCU" true true false 19 Double 5 18 ,First,#,X:\GWP\Users\ddurden\NORTH_FLORIDA_GW_MODEL\Data\FORTRAN_CODE\Model_Modifications\batch_process\River_Revs_Part_III\IBV5_5_Related\Shape_File\IBV5_5.shp,FWTHKLSCU,-1,-1;THKFPZ "THKFPZ" true true false 19 Double 5 18 ,First,#,X:\GWP\Users\ddurden\NORTH_FLORIDA_GW_MODEL\Data\FORTRAN_CODE\Model_Modifications\batch_process\River_Revs_Part_III\IBV5_5_Related\Shape_File\IBV5_5.shp,THKFPZ,-1,-1;FWTHKFPZ "FWTHKFPZ" true true false 19 Double 5 18 ,First,#,X:\GWP\Users\ddurden\NORTH_FLORIDA_GW_MODEL\Data\FORTRAN_CODE\Model_Modifications\batch_process\River_Revs_Part_III\IBV5_5_Related\Shape_File\IBV5_5.shp,FWTHKFPZ,-1,-1" #</Process><Process ToolSource="c:\arcgis_desktop\desktop10.1\ArcToolbox\Toolboxes\Conversion Tools.tbx\FeatureClassToFeatureClass" Date="20160114" Time="164711">FeatureClassToFeatureClass X:\GWP\Users\ddurden\NORTH_FLORIDA_GW_MODEL\Shape_Files_prjFDEP\SJRWMD_GWP.gdb\IBV5_5 X:\GWP\Users\ddurden\NORTH_FLORIDA_GW_MODEL\Data\FORTRAN_CODE\Model_Modifications\batch_process\River_Revs_Part_III\IBV5_5_Related\Shape_File IBV5_5_SHPFILE.shp # "OBJECTID "OBJECTID" true true false 4 Long 0 0 ,First,#,X:\GWP\Users\ddurden\NORTH_FLORIDA_GW_MODEL\Shape_Files_prjFDEP\SJRWMD_GWP.gdb\IBV5_5,OBJECTID,-1,-1;row "row" true true false 2 Short 0 0 ,First,#,X:\GWP\Users\ddurden\NORTH_FLORIDA_GW_MODEL\Shape_Files_prjFDEP\SJRWMD_GWP.gdb\IBV5_5,row,-1,-1;col "col" true true false 2 Short 0 0 ,First,#,X:\GWP\Users\ddurden\NORTH_FLORIDA_GW_MODEL\Shape_Files_prjFDEP\SJRWMD_GWP.gdb\IBV5_5,col,-1,-1;delx "delx" true true false 2 Short 0 0 ,First,#,X:\GWP\Users\ddurden\NORTH_FLORIDA_GW_MODEL\Shape_Files_prjFDEP\SJRWMD_GWP.gdb\IBV5_5,delx,-1,-1;dely "dely" true true false 2 Short 0 0 ,First,#,X:\GWP\Users\ddurden\NORTH_FLORIDA_GW_MODEL\Shape_Files_prjFDEP\SJRWMD_GWP.gdb\IBV5_5,dely,-1,-1;area "area" true true false 4 Long 0 0 ,First,#,X:\GWP\Users\ddurden\NORTH_FLORIDA_GW_MODEL\Shape_Files_prjFDEP\SJRWMD_GWP.gdb\IBV5_5,area,-1,-1;AreaSQM "AreaSQM" true true false 8 Double 0 0 ,First,#,X:\GWP\Users\ddurden\NORTH_FLORIDA_GW_MODEL\Shape_Files_prjFDEP\SJRWMD_GWP.gdb\IBV5_5,AreaSQM,-1,-1;ROW_1 "ROW_1" true true false 8 Double 0 0 ,First,#,X:\GWP\Users\ddurden\NORTH_FLORIDA_GW_MODEL\Shape_Files_prjFDEP\SJRWMD_GWP.gdb\IBV5_5,ROW_1,-1,-1;COL_1 "COL_1" true true false 8 Double 0 0 ,First,#,X:\GWP\Users\ddurden\NORTH_FLORIDA_GW_MODEL\Shape_Files_prjFDEP\SJRWMD_GWP.gdb\IBV5_5,COL_1,-1,-1;CELLID "CELLID" true true false 8 Double 0 0 ,First,#,X:\GWP\Users\ddurden\NORTH_FLORIDA_GW_MODEL\Shape_Files_prjFDEP\SJRWMD_GWP.gdb\IBV5_5,CELLID,-1,-1;Shape_Leng "Shape_Leng" true true false 8 Double 0 0 ,First,#,X:\GWP\Users\ddurden\NORTH_FLORIDA_GW_MODEL\Shape_Files_prjFDEP\SJRWMD_GWP.gdb\IBV5_5,Shape_Leng,-1,-1;OID_ "OID_" true true false 4 Long 0 0 ,First,#,X:\GWP\Users\ddurden\NORTH_FLORIDA_GW_MODEL\Shape_Files_prjFDEP\SJRWMD_GWP.gdb\IBV5_5,OID_,-1,-1;ID "ID" true true false 8 Double 0 0 ,First,#,X:\GWP\Users\ddurden\NORTH_FLORIDA_GW_MODEL\Shape_Files_prjFDEP\SJRWMD_GWP.gdb\IBV5_5,ID,-1,-1;NFSEG_CID "NFSEG_CID" true true false 8 Double 0 0 ,First,#,X:\GWP\Users\ddurden\NORTH_FLORIDA_GW_MODEL\Shape_Files_prjFDEP\SJRWMD_GWP.gdb\IBV5_5,NFSEG_CID,-1,-1;ROW_12 "ROW_12" true true false 8 Double 0 0 ,First,#,X:\GWP\Users\ddurden\NORTH_FLORIDA_GW_MODEL\Shape_Files_prjFDEP\SJRWMD_GWP.gdb\IBV5_5,ROW_12,-1,-1;COLUMN_ "COLUMN_" true true false 8 Double 0 0 ,First,#,X:\GWP\Users\ddurden\NORTH_FLORIDA_GW_MODEL\Shape_Files_prjFDEP\SJRWMD_GWP.gdb\IBV5_5,COLUMN_,-1,-1;IB1 "IB1" true true false 8 Double 0 0 ,First,#,X:\GWP\Users\ddurden\NORTH_FLORIDA_GW_MODEL\Shape_Files_prjFDEP\SJRWMD_GWP.gdb\IBV5_5,IB1,-1,-1;IB2 "IB2" true true false 8 Double 0 0 ,First,#,X:\GWP\Users\ddurden\NORTH_FLORIDA_GW_MODEL\Shape_Files_prjFDEP\SJRWMD_GWP.gdb\IBV5_5,IB2,-1,-1;IB3 "IB3" true true false 8 Double 0 0 ,First,#,X:\GWP\Users\ddurden\NORTH_FLORIDA_GW_MODEL\Shape_Files_prjFDEP\SJRWMD_GWP.gdb\IBV5_5,IB3,-1,-1;IB4 "IB4" true true false 8 Double 0 0 ,First,#,X:\GWP\Users\ddurden\NORTH_FLORIDA_GW_MODEL\Shape_Files_prjFDEP\SJRWMD_GWP.gdb\IBV5_5,IB4,-1,-1;IB5 "IB5" true true false 8 Double 0 0 ,First,#,X:\GWP\Users\ddurden\NORTH_FLORIDA_GW_MODEL\Shape_Files_prjFDEP\SJRWMD_GWP.gdb\IBV5_5,IB5,-1,-1;IB6 "IB6" true true false 8 Double 0 0 ,First,#,X:\GWP\Users\ddurden\NORTH_FLORIDA_GW_MODEL\Shape_Files_prjFDEP\SJRWMD_GWP.gdb\IBV5_5,IB6,-1,-1;IB7 "IB7" true true false 8 Double 0 0 ,First,#,X:\GWP\Users\ddurden\NORTH_FLORIDA_GW_MODEL\Shape_Files_prjFDEP\SJRWMD_GWP.gdb\IBV5_5,IB7,-1,-1;LSEDEP10M "LSEDEP10M" true true false 8 Double 0 0 ,First,#,X:\GWP\Users\ddurden\NORTH_FLORIDA_GW_MODEL\Shape_Files_prjFDEP\SJRWMD_GWP.gdb\IBV5_5,LSEDEP10M,-1,-1;SASBOT "SASBOT" true true false 8 Double 0 0 ,First,#,X:\GWP\Users\ddurden\NORTH_FLORIDA_GW_MODEL\Shape_Files_prjFDEP\SJRWMD_GWP.gdb\IBV5_5,SASBOT,-1,-1;ICUBOT "ICUBOT" true true false 8 Double 0 0 ,First,#,X:\GWP\Users\ddurden\NORTH_FLORIDA_GW_MODEL\Shape_Files_prjFDEP\SJRWMD_GWP.gdb\IBV5_5,ICUBOT,-1,-1;MCU12TOP "MCU12TOP" true true false 8 Double 0 0 ,First,#,X:\GWP\Users\ddurden\NORTH_FLORIDA_GW_MODEL\Shape_Files_prjFDEP\SJRWMD_GWP.gdb\IBV5_5,MCU12TOP,-1,-1;LFATOP "LFATOP" true true false 8 Double 0 0 ,First,#,X:\GWP\Users\ddurden\NORTH_FLORIDA_GW_MODEL\Shape_Files_prjFDEP\SJRWMD_GWP.gdb\IBV5_5,LFATOP,-1,-1;UZLFABOT "UZLFABOT" true true false 8 Double 0 0 ,First,#,X:\GWP\Users\ddurden\NORTH_FLORIDA_GW_MODEL\Shape_Files_prjFDEP\SJRWMD_GWP.gdb\IBV5_5,UZLFABOT,-1,-1;LSCUTOP "LSCUTOP" true true false 8 Double 0 0 ,First,#,X:\GWP\Users\ddurden\NORTH_FLORIDA_GW_MODEL\Shape_Files_prjFDEP\SJRWMD_GWP.gdb\IBV5_5,LSCUTOP,-1,-1;FPZTOP "FPZTOP" true true false 8 Double 0 0 ,First,#,X:\GWP\Users\ddurden\NORTH_FLORIDA_GW_MODEL\Shape_Files_prjFDEP\SJRWMD_GWP.gdb\IBV5_5,FPZTOP,-1,-1;FASBASE "FASBASE" true true false 8 Double 0 0 ,First,#,X:\GWP\Users\ddurden\NORTH_FLORIDA_GW_MODEL\Shape_Files_prjFDEP\SJRWMD_GWP.gdb\IBV5_5,FASBASE,-1,-1;TDS10K "TDS10K" true true false 8 Double 0 0 ,First,#,X:\GWP\Users\ddurden\NORTH_FLORIDA_GW_MODEL\Shape_Files_prjFDEP\SJRWMD_GWP.gdb\IBV5_5,TDS10K,-1,-1;SASTHK "SASTHK" true true false 8 Double 0 0 ,First,#,X:\GWP\Users\ddurden\NORTH_FLORIDA_GW_MODEL\Shape_Files_prjFDEP\SJRWMD_GWP.gdb\IBV5_5,SASTHK,-1,-1;THKICU "THKICU" true true false 8 Double 0 0 ,First,#,X:\GWP\Users\ddurden\NORTH_FLORIDA_GW_MODEL\Shape_Files_prjFDEP\SJRWMD_GWP.gdb\IBV5_5,THKICU,-1,-1;FWTHKICU "FWTHKICU" true true false 8 Double 0 0 ,First,#,X:\GWP\Users\ddurden\NORTH_FLORIDA_GW_MODEL\Shape_Files_prjFDEP\SJRWMD_GWP.gdb\IBV5_5,FWTHKICU,-1,-1;THKUFA "THKUFA" true true false 8 Double 0 0 ,First,#,X:\GWP\Users\ddurden\NORTH_FLORIDA_GW_MODEL\Shape_Files_prjFDEP\SJRWMD_GWP.gdb\IBV5_5,THKUFA,-1,-1;FWTHKUFA "FWTHKUFA" true true false 8 Double 0 0 ,First,#,X:\GWP\Users\ddurden\NORTH_FLORIDA_GW_MODEL\Shape_Files_prjFDEP\SJRWMD_GWP.gdb\IBV5_5,FWTHKUFA,-1,-1;THKMCU12 "THKMCU12" true true false 8 Double 0 0 ,First,#,X:\GWP\Users\ddurden\NORTH_FLORIDA_GW_MODEL\Shape_Files_prjFDEP\SJRWMD_GWP.gdb\IBV5_5,THKMCU12,-1,-1;FWTHKMCU12 "FWTHKMCU12" true true false 8 Double 0 0 ,First,#,X:\GWP\Users\ddurden\NORTH_FLORIDA_GW_MODEL\Shape_Files_prjFDEP\SJRWMD_GWP.gdb\IBV5_5,FWTHKMCU12,-1,-1;THKUZLFA "THKUZLFA" true true false 8 Double 0 0 ,First,#,X:\GWP\Users\ddurden\NORTH_FLORIDA_GW_MODEL\Shape_Files_prjFDEP\SJRWMD_GWP.gdb\IBV5_5,THKUZLFA,-1,-1;FWTHKUZLFA "FWTHKUZLFA" true true false 8 Double 0 0 ,First,#,X:\GWP\Users\ddurden\NORTH_FLORIDA_GW_MODEL\Shape_Files_prjFDEP\SJRWMD_GWP.gdb\IBV5_5,FWTHKUZLFA,-1,-1;THKLSCU "THKLSCU" true true false 8 Double 0 0 ,First,#,X:\GWP\Users\ddurden\NORTH_FLORIDA_GW_MODEL\Shape_Files_prjFDEP\SJRWMD_GWP.gdb\IBV5_5,THKLSCU,-1,-1;FWTHKLSCU "FWTHKLSCU" true true false 8 Double 0 0 ,First,#,X:\GWP\Users\ddurden\NORTH_FLORIDA_GW_MODEL\Shape_Files_prjFDEP\SJRWMD_GWP.gdb\IBV5_5,FWTHKLSCU,-1,-1;THKFPZ "THKFPZ" true true false 8 Double 0 0 ,First,#,X:\GWP\Users\ddurden\NORTH_FLORIDA_GW_MODEL\Shape_Files_prjFDEP\SJRWMD_GWP.gdb\IBV5_5,THKFPZ,-1,-1;FWTHKFPZ "FWTHKFPZ" true true false 8 Double 0 0 ,First,#,X:\GWP\Users\ddurden\NORTH_FLORIDA_GW_MODEL\Shape_Files_prjFDEP\SJRWMD_GWP.gdb\IBV5_5,FWTHKFPZ,-1,-1;Shape_Le_1 "Shape_Length" false true true 8 Double 0 0 ,First,#,X:\GWP\Users\ddurden\NORTH_FLORIDA_GW_MODEL\Shape_Files_prjFDEP\SJRWMD_GWP.gdb\IBV5_5,Shape_Length,-1,-1;Shape_Area "Shape_Area" false true true 8 Double 0 0 ,First,#,X:\GWP\Users\ddurden\NORTH_FLORIDA_GW_MODEL\Shape_Files_prjFDEP\SJRWMD_GWP.gdb\IBV5_5,Shape_Area,-1,-1" #</Process><Process ToolSource="c:\arcgis_desktop\desktop10.4\ArcToolbox\Toolboxes\Data Management Tools.tbx\CalculateField" Date="20170504" Time="112638">CalculateField IBV5_5_GRID dissolve 1 VB #</Process><Process ToolSource="c:\program files (x86)\arcgis\desktop10.4\ArcToolbox\Toolboxes\Data Management Tools.tbx\CalculateField" Date="20170606" Time="173326">CalculateField IBV5_5_GRID ref_ROW_COL "[row]&amp;"_"&amp; [col]" VB #</Process><Process ToolSource="c:\program files (x86)\arcgis\desktop10.4\ArcToolbox\Toolboxes\Data Management Tools.tbx\CalculateField" Date="20170606" Time="173736">CalculateField IBV5_5_GRID ref_ROW_COL "[row]&amp;"_"&amp; [col]" VB #</Process><Process ToolSource="c:\program files (x86)\arcgis\desktop10.4\ArcToolbox\Toolboxes\Data Management Tools.tbx\Copy" Date="20180122" Time="084433">Copy C:/Workspace_PEST/pest_postproc/templates/PEST_Baselayers.gdb/NFSEG_GRID_IBV5 C:\Workspace_PEST\pest_postproc\NFSEG_PEST.gdb\NFSEG_GRID_IBV5 FeatureClass</Process></lineage></DataProperties><SyncDate>20180124</SyncDate><SyncTime>11174800</SyncTime><ModDate>20180124</ModDate><ModTime>11174800</ModTime></Esri><dataIdInfo><envirDesc Sync="TRUE"> Version 6.2 (Build 9200) ; Esri ArcGIS 10.2.2.3552</envirDesc><dataLang><languageCode value="eng" Sync="TRUE"></languageCode><countryCode value="USA" Sync="TRUE"></countryCode></dataLang><idCitation><resTitle Sync="TRUE">nfseg_v1_1_grid</resTitle><presForm><PresFormCd value="005" Sync="TRUE"></PresFormCd></presForm></idCitation><spatRpType><SpatRepTypCd value="001" Sync="TRUE"></SpatRepTypCd></spatRpType></dataIdInfo><mdLang><languageCode value="eng" Sync="TRUE"></languageCode><countryCode value="USA" Sync="TRUE"></countryCode></mdLang><distInfo><distFormat><formatName Sync="TRUE">Shapefile</formatName></distFormat><distTranOps><transSize Sync="TRUE">0.000</transSize></distTranOps></distInfo><mdHrLv><ScopeCd value="005" Sync="TRUE"></ScopeCd></mdHrLv><mdHrLvName Sync="TRUE">dataset</mdHrLvName><refSysInfo><RefSystem><refSysID><identCode code="0" Sync="TRUE"></identCode></refSysID></RefSystem></refSysInfo><spatRepInfo><VectSpatRep><geometObjs Name="nfseg_v1_1_grid"><geoObjTyp><GeoObjTypCd value="002" Sync="TRUE"></GeoObjTypCd></geoObjTyp><geoObjCnt Sync="TRUE">0</geoObjCnt></geometObjs><topLvl><TopoLevCd value="001" Sync="TRUE"></TopoLevCd></topLvl></VectSpatRep></spatRepInfo><spdoinfo><ptvctinf><esriterm Name="nfseg_v1_1_grid"><efeatyp Sync="TRUE">Simple</efeatyp><efeageom code="4" Sync="TRUE"></efeageom><esritopo Sync="TRUE">FALSE</esritopo><efeacnt Sync="TRUE">0</efeacnt><spindex Sync="TRUE">FALSE</spindex><linrefer Sync="TRUE">FALSE</linrefer></esriterm></ptvctinf></spdoinfo><eainfo><detailed Name="nfseg_v1_1_grid"><enttyp><enttypl Sync="TRUE">nfseg_v1_1_grid</enttypl><enttypt Sync="TRUE">Feature Class</enttypt><enttypc Sync="TRUE">0</enttypc></enttyp><attr><attrlabl Sync="TRUE">FID</attrlabl><attalias Sync="TRUE">FID</attalias><attrtype Sync="TRUE">OID</attrtype><attwidth Sync="TRUE">4</attwidth><atprecis Sync="TRUE">0</atprecis><attscale Sync="TRUE">0</attscale><attrdef Sync="TRUE">Internal feature number.</attrdef><attrdefs Sync="TRUE">Esri</attrdefs><attrdomv><udom Sync="TRUE">Sequential unique whole numbers that are automatically generated.</udom></attrdomv></attr><attr><attrlabl Sync="TRUE">Shape</attrlabl><attalias Sync="TRUE">Shape</attalias><attrtype Sync="TRUE">Geometry</attrtype><attwidth Sync="TRUE">0</attwidth><atprecis Sync="TRUE">0</atprecis><attscale Sync="TRUE">0</attscale><attrdef Sync="TRUE">Feature geometry.</attrdef><attrdefs Sync="TRUE">Esri</attrdefs><attrdomv><udom Sync="TRUE">Coordinates defining the features.</udom></attrdomv></attr><attr><attrlabl Sync="TRUE">OBJECTID</attrlabl><attalias Sync="TRUE">OBJECTID</attalias><attrtype Sync="TRUE">Integer</attrtype><attwidth Sync="TRUE">9</attwidth><atprecis Sync="TRUE">9</atprecis><attscale Sync="TRUE">0</attscale></attr><attr><attrlabl Sync="TRUE">row</attrlabl><attalias Sync="TRUE">row</attalias><attrtype Sync="TRUE">SmallInteger</attrtype><attwidth Sync="TRUE">4</attwidth><atprecis Sync="TRUE">4</atprecis><attscale Sync="TRUE">0</attscale></attr><attr><attrlabl Sync="TRUE">col</attrlabl><attalias Sync="TRUE">col</attalias><attrtype Sync="TRUE">SmallInteger</attrtype><attwidth Sync="TRUE">4</attwidth><atprecis Sync="TRUE">4</atprecis><attscale Sync="TRUE">0</attscale></attr><attr><attrlabl Sync="TRUE">delx</attrlabl><attalias Sync="TRUE">delx</attalias><attrtype Sync="TRUE">SmallInteger</attrtype><attwidth Sync="TRUE">4</attwidth><atprecis Sync="TRUE">4</atprecis><attscale Sync="TRUE">0</attscale></attr><attr><attrlabl Sync="TRUE">dely</attrlabl><attalias Sync="TRUE">dely</attalias><attrtype Sync="TRUE">SmallInteger</attrtype><attwidth Sync="TRUE">4</attwidth><atprecis Sync="TRUE">4</atprecis><attscale Sync="TRUE">0</attscale></attr><attr><attrlabl Sync="TRUE">area</attrlabl><attalias Sync="TRUE">area</attalias><attrtype Sync="TRUE">Integer</attrtype><attwidth Sync="TRUE">9</attwidth><atprecis Sync="TRUE">9</atprecis><attscale Sync="TRUE">0</attscale></attr><attr><attrlabl Sync="TRUE">AreaSQM</attrlabl><attalias Sync="TRUE">AreaSQM</attalias><attrtype Sync="TRUE">Double</attrtype><attwidth Sync="TRUE">19</attwidth><atprecis Sync="TRUE">0</atprecis><attscale Sync="TRUE">0</attscale></attr><attr><attrlabl Sync="TRUE">ROW_1</attrlabl><attalias Sync="TRUE">ROW_1</attalias><attrtype Sync="TRUE">Double</attrtype><attwidth Sync="TRUE">19</attwidth><atprecis Sync="TRUE">0</atprecis><attscale Sync="TRUE">0</attscale></attr><attr><attrlabl Sync="TRUE">COL_1</attrlabl><attalias Sync="TRUE">COL_1</attalias><attrtype Sync="TRUE">Double</attrtype><attwidth Sync="TRUE">19</attwidth><atprecis Sync="TRUE">0</atprecis><attscale Sync="TRUE">0</attscale></attr><attr><attrlabl Sync="TRUE">CELLID</attrlabl><attalias Sync="TRUE">CELLID</attalias><attrtype Sync="TRUE">Double</attrtype><attwidth Sync="TRUE">19</attwidth><atprecis Sync="TRUE">0</atprecis><attscale Sync="TRUE">0</attscale></attr><attr><attrlabl Sync="TRUE">Shape_Leng</attrlabl><attalias Sync="TRUE">Shape_Leng</attalias><attrtype Sync="TRUE">Double</attrtype><attwidth Sync="TRUE">19</attwidth><atprecis Sync="TRUE">0</atprecis><attscale Sync="TRUE">0</attscale></attr><attr><attrlabl Sync="TRUE">OID_</attrlabl><attalias Sync="TRUE">OID_</attalias><attrtype Sync="TRUE">Integer</attrtype><attwidth Sync="TRUE">9</attwidth><atprecis Sync="TRUE">9</atprecis><attscale Sync="TRUE">0</attscale></attr><attr><attrlabl Sync="TRUE">ID</attrlabl><attalias Sync="TRUE">ID</attalias><attrtype Sync="TRUE">Double</attrtype><attwidth Sync="TRUE">19</attwidth><atprecis Sync="TRUE">0</atprecis><attscale Sync="TRUE">0</attscale></attr><attr><attrlabl Sync="TRUE">NFSEG_CID</attrlabl><attalias Sync="TRUE">NFSEG_CID</attalias><attrtype Sync="TRUE">Double</attrtype><attwidth Sync="TRUE">19</attwidth><atprecis Sync="TRUE">0</atprecis><attscale Sync="TRUE">0</attscale></attr><attr><attrlabl Sync="TRUE">ROW_12</attrlabl><attalias Sync="TRUE">ROW_12</attalias><attrtype Sync="TRUE">Double</attrtype><attwidth Sync="TRUE">19</attwidth><atprecis Sync="TRUE">0</atprecis><attscale Sync="TRUE">0</attscale></attr><attr><attrlabl Sync="TRUE">COLUMN_</attrlabl><attalias Sync="TRUE">COLUMN_</attalias><attrtype Sync="TRUE">Double</attrtype><attwidth Sync="TRUE">19</attwidth><atprecis Sync="TRUE">0</atprecis><attscale Sync="TRUE">0</attscale></attr><attr><attrlabl Sync="TRUE">IB1</attrlabl><attalias Sync="TRUE">IB1</attalias><attrtype Sync="TRUE">Double</attrtype><attwidth Sync="TRUE">19</attwidth><atprecis Sync="TRUE">0</atprecis><attscale Sync="TRUE">0</attscale></attr><attr><attrlabl Sync="TRUE">IB2</attrlabl><attalias Sync="TRUE">IB2</attalias><attrtype Sync="TRUE">Double</attrtype><attwidth Sync="TRUE">19</attwidth><atprecis Sync="TRUE">0</atprecis><attscale Sync="TRUE">0</attscale></attr><attr><attrlabl Sync="TRUE">IB3</attrlabl><attalias Sync="TRUE">IB3</attalias><attrtype Sync="TRUE">Double</attrtype><attwidth Sync="TRUE">19</attwidth><atprecis Sync="TRUE">0</atprecis><attscale Sync="TRUE">0</attscale></attr><attr><attrlabl Sync="TRUE">IB4</attrlabl><attalias Sync="TRUE">IB4</attalias><attrtype Sync="TRUE">Double</attrtype><attwidth Sync="TRUE">19</attwidth><atprecis Sync="TRUE">0</atprecis><attscale Sync="TRUE">0</attscale></attr><attr><attrlabl Sync="TRUE">IB5</attrlabl><attalias Sync="TRUE">IB5</attalias><attrtype Sync="TRUE">Double</attrtype><attwidth Sync="TRUE">19</attwidth><atprecis Sync="TRUE">0</atprecis><attscale Sync="TRUE">0</attscale></attr><attr><attrlabl Sync="TRUE">IB6</attrlabl><attalias Sync="TRUE">IB6</attalias><attrtype Sync="TRUE">Double</attrtype><attwidth Sync="TRUE">19</attwidth><atprecis Sync="TRUE">0</atprecis><attscale Sync="TRUE">0</attscale></attr><attr><attrlabl Sync="TRUE">IB7</attrlabl><attalias Sync="TRUE">IB7</attalias><attrtype Sync="TRUE">Double</attrtype><attwidth Sync="TRUE">19</attwidth><atprecis Sync="TRUE">0</atprecis><attscale Sync="TRUE">0</attscale></attr><attr><attrlabl Sync="TRUE">LSEDEP10M</attrlabl><attalias Sync="TRUE">LSEDEP10M</attalias><attrtype Sync="TRUE">Double</attrtype><attwidth Sync="TRUE">19</attwidth><atprecis Sync="TRUE">0</atprecis><attscale Sync="TRUE">0</attscale></attr><attr><attrlabl Sync="TRUE">SASBOT</attrlabl><attalias Sync="TRUE">SASBOT</attalias><attrtype Sync="TRUE">Double</attrtype><attwidth Sync="TRUE">19</attwidth><atprecis Sync="TRUE">0</atprecis><attscale Sync="TRUE">0</attscale></attr><attr><attrlabl Sync="TRUE">ICUBOT</attrlabl><attalias Sync="TRUE">ICUBOT</attalias><attrtype Sync="TRUE">Double</attrtype><attwidth Sync="TRUE">19</attwidth><atprecis Sync="TRUE">0</atprecis><attscale Sync="TRUE">0</attscale></attr><attr><attrlabl Sync="TRUE">MCU12TOP</attrlabl><attalias Sync="TRUE">MCU12TOP</attalias><attrtype Sync="TRUE">Double</attrtype><attwidth Sync="TRUE">19</attwidth><atprecis Sync="TRUE">0</atprecis><attscale Sync="TRUE">0</attscale></attr><attr><attrlabl Sync="TRUE">LFATOP</attrlabl><attalias Sync="TRUE">LFATOP</attalias><attrtype Sync="TRUE">Double</attrtype><attwidth Sync="TRUE">19</attwidth><atprecis Sync="TRUE">0</atprecis><attscale Sync="TRUE">0</attscale></attr><attr><attrlabl Sync="TRUE">UZLFABOT</attrlabl><attalias Sync="TRUE">UZLFABOT</attalias><attrtype Sync="TRUE">Double</attrtype><attwidth Sync="TRUE">19</attwidth><atprecis Sync="TRUE">0</atprecis><attscale Sync="TRUE">0</attscale></attr><attr><attrlabl Sync="TRUE">LSCUTOP</attrlabl><attalias Sync="TRUE">LSCUTOP</attalias><attrtype Sync="TRUE">Double</attrtype><attwidth Sync="TRUE">19</attwidth><atprecis Sync="TRUE">0</atprecis><attscale Sync="TRUE">0</attscale></attr><attr><attrlabl Sync="TRUE">FPZTOP</attrlabl><attalias Sync="TRUE">FPZTOP</attalias><attrtype Sync="TRUE">Double</attrtype><attwidth Sync="TRUE">19</attwidth><atprecis Sync="TRUE">0</atprecis><attscale Sync="TRUE">0</attscale></attr><attr><attrlabl Sync="TRUE">FASBASE</attrlabl><attalias Sync="TRUE">FASBASE</attalias><attrtype Sync="TRUE">Double</attrtype><attwidth Sync="TRUE">19</attwidth><atprecis Sync="TRUE">0</atprecis><attscale Sync="TRUE">0</attscale></attr><attr><attrlabl Sync="TRUE">TDS10K</attrlabl><attalias Sync="TRUE">TDS10K</attalias><attrtype Sync="TRUE">Double</attrtype><attwidth Sync="TRUE">19</attwidth><atprecis Sync="TRUE">0</atprecis><attscale Sync="TRUE">0</attscale></attr><attr><attrlabl Sync="TRUE">SASTHK</attrlabl><attalias Sync="TRUE">SASTHK</attalias><attrtype Sync="TRUE">Double</attrtype><attwidth Sync="TRUE">19</attwidth><atprecis Sync="TRUE">0</atprecis><attscale Sync="TRUE">0</attscale></attr><attr><attrlabl Sync="TRUE">THKICU</attrlabl><attalias Sync="TRUE">THKICU</attalias><attrtype Sync="TRUE">Double</attrtype><attwidth Sync="TRUE">19</attwidth><atprecis Sync="TRUE">0</atprecis><attscale Sync="TRUE">0</attscale></attr><attr><attrlabl Sync="TRUE">FWTHKICU</attrlabl><attalias Sync="TRUE">FWTHKICU</attalias><attrtype Sync="TRUE">Double</attrtype><attwidth Sync="TRUE">19</attwidth><atprecis Sync="TRUE">0</atprecis><attscale Sync="TRUE">0</attscale></attr><attr><attrlabl Sync="TRUE">THKUFA</attrlabl><attalias Sync="TRUE">THKUFA</attalias><attrtype Sync="TRUE">Double</attrtype><attwidth Sync="TRUE">19</attwidth><atprecis Sync="TRUE">0</atprecis><attscale Sync="TRUE">0</attscale></attr><attr><attrlabl Sync="TRUE">FWTHKUFA</attrlabl><attalias Sync="TRUE">FWTHKUFA</attalias><attrtype Sync="TRUE">Double</attrtype><attwidth Sync="TRUE">19</attwidth><atprecis Sync="TRUE">0</atprecis><attscale Sync="TRUE">0</attscale></attr><attr><attrlabl Sync="TRUE">THKMCU12</attrlabl><attalias Sync="TRUE">THKMCU12</attalias><attrtype Sync="TRUE">Double</attrtype><attwidth Sync="TRUE">19</attwidth><atprecis Sync="TRUE">0</atprecis><attscale Sync="TRUE">0</attscale></attr><attr><attrlabl Sync="TRUE">FWTHKMCU12</attrlabl><attalias Sync="TRUE">FWTHKMCU12</attalias><attrtype Sync="TRUE">Double</attrtype><attwidth Sync="TRUE">19</attwidth><atprecis Sync="TRUE">0</atprecis><attscale Sync="TRUE">0</attscale></attr><attr><attrlabl Sync="TRUE">THKUZLFA</attrlabl><attalias Sync="TRUE">THKUZLFA</attalias><attrtype Sync="TRUE">Double</attrtype><attwidth Sync="TRUE">19</attwidth><atprecis Sync="TRUE">0</atprecis><attscale Sync="TRUE">0</attscale></attr><attr><attrlabl Sync="TRUE">FWTHKUZLFA</attrlabl><attalias Sync="TRUE">FWTHKUZLFA</attalias><attrtype Sync="TRUE">Double</attrtype><attwidth Sync="TRUE">19</attwidth><atprecis Sync="TRUE">0</atprecis><attscale Sync="TRUE">0</attscale></attr><attr><attrlabl Sync="TRUE">THKLSCU</attrlabl><attalias Sync="TRUE">THKLSCU</attalias><attrtype Sync="TRUE">Double</attrtype><attwidth Sync="TRUE">19</attwidth><atprecis Sync="TRUE">0</atprecis><attscale Sync="TRUE">0</attscale></attr><attr><attrlabl Sync="TRUE">FWTHKLSCU</attrlabl><attalias Sync="TRUE">FWTHKLSCU</attalias><attrtype Sync="TRUE">Double</attrtype><attwidth Sync="TRUE">19</attwidth><atprecis Sync="TRUE">0</atprecis><attscale Sync="TRUE">0</attscale></attr><attr><attrlabl Sync="TRUE">THKFPZ</attrlabl><attalias Sync="TRUE">THKFPZ</attalias><attrtype Sync="TRUE">Double</attrtype><attwidth Sync="TRUE">19</attwidth><atprecis Sync="TRUE">0</atprecis><attscale Sync="TRUE">0</attscale></attr><attr><attrlabl Sync="TRUE">FWTHKFPZ</attrlabl><attalias Sync="TRUE">FWTHKFPZ</attalias><attrtype Sync="TRUE">Double</attrtype><attwidth Sync="TRUE">19</attwidth><atprecis Sync="TRUE">0</atprecis><attscale Sync="TRUE">0</attscale></attr><attr><attrlabl Sync="TRUE">Shape_Le_1</attrlabl><attalias Sync="TRUE">Shape_Le_1</attalias><attrtype Sync="TRUE">Double</attrtype><attwidth Sync="TRUE">19</attwidth><atprecis Sync="TRUE">0</atprecis><attscale Sync="TRUE">0</attscale></attr><attr><attrlabl Sync="TRUE">dissolve</attrlabl><attalias Sync="TRUE">dissolve</attalias><attrtype Sync="TRUE">SmallInteger</attrtype><attwidth Sync="TRUE">4</attwidth><atprecis Sync="TRUE">4</atprecis><attscale Sync="TRUE">0</attscale></attr><attr><attrlabl Sync="TRUE">ref_ROW_CO</attrlabl><attalias Sync="TRUE">ref_ROW_CO</attalias><attrtype Sync="TRUE">String</attrtype><attwidth Sync="TRUE">20</attwidth><atprecis Sync="TRUE">0</atprecis><attscale Sync="TRUE">0</attscale></attr><attr><attrlabl Sync="TRUE">Shape_Le_2</attrlabl><attalias Sync="TRUE">Shape_Le_2</attalias><attrtype Sync="TRUE">Double</attrtype><attwidth Sync="TRUE">19</attwidth><atprecis Sync="TRUE">0</atprecis><attscale Sync="TRUE">0</attscale></attr><attr><attrlabl Sync="TRUE">Shape_Area</attrlabl><attalias Sync="TRUE">Shape_Area</attalias><attrtype Sync="TRUE">Double</attrtype><attwidth Sync="TRUE">19</attwidth><atprecis Sync="TRUE">0</atprecis><attscale Sync="TRUE">0</attscale><attrdef Sync="TRUE">Area of feature in internal units squared.</attrdef><attrdefs Sync="TRUE">Esri</attrdefs><attrdomv><udom Sync="TRUE">Positive real numbers that are automatically generated.</udom></attrdomv></attr></detailed></eainfo><mdDateSt Sync="TRUE">20180124</mdDateSt></metadata>
